"ShaderTypeName","ShaderType","Frequency","NumShaders","ShadersSize"
"FARGB16BigConvertPS","Global","SF_Pixel","1","1341"
"FAYUVConvertPS","Global","SF_Pixel","1","585"
"FAccumulateCubeFacesPS","Global","SF_Pixel","1","466"
"FAccumulateDiffuseIrradiancePS","Global","SF_Pixel","1","806"
"FAllocateBottomLevelGrid","Global","SF_Compute","2","1558"
"FAllocatePagesCS","Global","SF_Compute","12","24346"
"FAllocateSparseVoxels","Global","SF_Compute","1","461"
"FAllocateSparseVoxelsToRefine","Global","SF_Compute","1","841"
"FAlphaInvertPS","Global","SF_Pixel","1","292"
"FAmbientCubemapCompositePS","Global","SF_Pixel","1","5774"
"FAmbientOcclusionCS","Global","SF_Compute","14","37186"
"FAmbientOcclusionPS","Global","SF_Pixel","18","47671"
"FAmbientOcclusionSetupPS","Global","SF_Pixel","1","1065"
"FAmbientOcclusionSmoothCS","Global","SF_Compute","1","466"
"FAmbientOcclusionSmoothPS","Global","SF_Pixel","1","465"
"FAnimBankEvaluateCS","Global","SF_Compute","1","1888"
"FApplyLightShaftsPixelShader","Global","SF_Pixel","1","382"
"FApplyLocalExposureCS","Global","SF_Compute","1","1025"
"FApplyLowerHemisphereColorPS","Global","SF_Pixel","1","782"
"FBMPConvertPS","Global","SF_Pixel","1","557"
"FBasicEyeAdaptationCS","Global","SF_Compute","2","3512"
"FBasicEyeAdaptationSetupPS","Global","SF_Pixel","1","445"
"FBinkDrawICtCpPS","Global","SF_Pixel","8","6249"
"FBinkDrawVS","Global","SF_Vertex","1","447"
"FBinkDrawYCbCrPS","Global","SF_Pixel","4","1801"
"FBitonicSortGlobalMergeCS","Global","SF_Compute","1","498"
"FBitonicSortLocalMergeCS","Global","SF_Compute","1","1865"
"FBitonicSortLocalSortCS","Global","SF_Compute","1","2248"
"FBloomClampKernelCS","Global","SF_Compute","1","437"
"FBloomDownsampleKernelCS","Global","SF_Compute","1","543"
"FBloomFinalizeApplyConstantsCS","Global","SF_Compute","1","452"
"FBloomFindKernelCenterCS","Global","SF_Compute","1","754"
"FBloomPackKernelConstantsCS","Global","SF_Compute","1","344"
"FBloomReduceKernelSurveyCS","Global","SF_Compute","1","679"
"FBloomResizeKernelCS","Global","SF_Compute","1","964"
"FBloomSetupCS","Global","SF_Compute","4","3421"
"FBloomSetupPS","Global","SF_Pixel","4","2967"
"FBloomSumScatterDispersionEnergyCS","Global","SF_Compute","1","585"
"FBloomSurveyKernelCenterEnergyCS","Global","SF_Compute","1","725"
"FBloomSurveyMaxScatterDispersionCS","Global","SF_Compute","1","717"
"FBlurLightShaftsPixelShader","Global","SF_Pixel","1","770"
"FBuildFeedbackHashTableCS","Global","SF_Compute","2","1415"
"FBuildFeedbackHashTableIndirectArgsCS","Global","SF_Compute","1","369"
"FBuildGridTilesCS","Global","SF_Compute","1","1140"
"FBuildHeightfieldComposeTilesCS","Global","SF_Compute","1","364"
"FBuildHeightfieldComposeTilesIndirectArgBufferCS","Global","SF_Compute","1","321"
"FBuildIndirectDispatchArgsBufferCS","Global","SF_Compute","1","458"
"FBuildInstanceIdBufferAndCommandsFromPrimitiveIdsCs","Global","SF_Compute","64","243421"
"FBuildLandscapeTileDataCS","Global","SF_Compute","1","1909"
"FBuildMajorantVoxelGridCS","Global","SF_Compute","2","1248"
"FBuildPhysicsFieldClipmapCS","Global","SF_Compute","1","5976"
"FBuildShadingEnergyConservationTableCS","Global","SF_Compute","5","7282"
"FBuildTileConesCS","Global","SF_Compute","1","1098"
"FCalculateCompactBlockInstanceOffsetsCs","Global","SF_Compute","1","786"
"FCalculateExposureIlluminanceCS","Global","SF_Compute","1","2651"
"FCalculateShadingRateImageCS","Global","SF_Compute","2","2345"
"FCapsuleShadowingCS","Global","SF_Compute","15","70031"
"FCapsuleShadowingUpsamplePS","Global","SF_Pixel","4","3610"
"FCapsuleShadowingUpsampleVS","Global","SF_Vertex","1","613"
"FChannelMaskPS","Global","SF_Pixel","1","847"
"FClearAABBCS","Global","SF_Compute","1","353"
"FClearAllocator","Global","SF_Compute","1","221"
"FClearIndirectArgBufferCS","Global","SF_Compute","1","348"
"FClearIndirectArgInstanceCountCs","Global","SF_Compute","1","360"
"FClearIndirectDispatchArgsCS","Global","SF_Compute","1","424"
"FClearMessageBufferCS","Global","SF_Compute","1","154"
"FClearPressureGridCS","Global","SF_Compute","1","615"
"FClearReplacementCS_Buffer_Float4_Bounds","Global","SF_Compute","1","334"
"FClearReplacementCS_Buffer_Float_Bounds","Global","SF_Compute","1","335"
"FClearReplacementCS_Buffer_Sint4_Bounds","Global","SF_Compute","1","334"
"FClearReplacementCS_Buffer_Uint","Global","SF_Compute","1","191"
"FClearReplacementCS_Buffer_Uint4","Global","SF_Compute","1","191"
"FClearReplacementCS_Buffer_Uint4_Bounds","Global","SF_Compute","1","334"
"FClearReplacementCS_Buffer_Uint_Bounds","Global","SF_Compute","1","335"
"FClearReplacementCS_Buffer_Uint_Zero","Global","SF_Compute","1","164"
"FClearReplacementCS_LargeBuffer_Float4_Bounds","Global","SF_Compute","1","335"
"FClearReplacementCS_LargeBuffer_Float_Bounds","Global","SF_Compute","1","336"
"FClearReplacementCS_LargeBuffer_Sint4_Bounds","Global","SF_Compute","1","335"
"FClearReplacementCS_LargeBuffer_Uint","Global","SF_Compute","1","193"
"FClearReplacementCS_LargeBuffer_Uint4","Global","SF_Compute","1","193"
"FClearReplacementCS_LargeBuffer_Uint4_Bounds","Global","SF_Compute","1","335"
"FClearReplacementCS_LargeBuffer_Uint_Bounds","Global","SF_Compute","1","335"
"FClearReplacementCS_StructuredBuffer_Float4_Bounds","Global","SF_Compute","1","334"
"FClearReplacementCS_StructuredBuffer_Float_Bounds","Global","SF_Compute","1","332"
"FClearReplacementCS_StructuredBuffer_Sint4_Bounds","Global","SF_Compute","1","334"
"FClearReplacementCS_StructuredBuffer_Uint","Global","SF_Compute","1","191"
"FClearReplacementCS_StructuredBuffer_Uint4","Global","SF_Compute","1","191"
"FClearReplacementCS_StructuredBuffer_Uint4_Bounds","Global","SF_Compute","1","334"
"FClearReplacementCS_StructuredBuffer_Uint_Bounds","Global","SF_Compute","1","332"
"FClearReplacementCS_StructuredBuffer_Uint_Zero","Global","SF_Compute","1","163"
"FClearReplacementCS_Texture2DArray_Float4","Global","SF_Compute","1","191"
"FClearReplacementCS_Texture2DArray_Float4_Bounds","Global","SF_Compute","1","295"
"FClearReplacementCS_Texture2DArray_Sint4_Bounds","Global","SF_Compute","1","295"
"FClearReplacementCS_Texture2DArray_Uint","Global","SF_Compute","1","191"
"FClearReplacementCS_Texture2DArray_Uint4","Global","SF_Compute","1","191"
"FClearReplacementCS_Texture2DArray_Uint4_Bounds","Global","SF_Compute","1","295"
"FClearReplacementCS_Texture2DArray_Uint_Zero","Global","SF_Compute","1","164"
"FClearReplacementCS_Texture2D_Float4","Global","SF_Compute","1","191"
"FClearReplacementCS_Texture2D_Float4_Bounds","Global","SF_Compute","1","273"
"FClearReplacementCS_Texture2D_Sint4_Bounds","Global","SF_Compute","1","273"
"FClearReplacementCS_Texture2D_Uint4","Global","SF_Compute","1","191"
"FClearReplacementCS_Texture2D_Uint4_Bounds","Global","SF_Compute","1","273"
"FClearReplacementCS_Texture3D_Float4","Global","SF_Compute","1","191"
"FClearReplacementCS_Texture3D_Float4_Bounds","Global","SF_Compute","1","295"
"FClearReplacementCS_Texture3D_Sint4_Bounds","Global","SF_Compute","1","295"
"FClearReplacementCS_Texture3D_Uint4","Global","SF_Compute","1","191"
"FClearReplacementCS_Texture3D_Uint4_Bounds","Global","SF_Compute","1","295"
"FClearReplacementPS","Global","SF_Pixel","1","173"
"FClearReplacementPS_128","Global","SF_Pixel","1","173"
"FClearReplacementPS_Zero","Global","SF_Pixel","1","249"
"FClearReplacementVS","Global","SF_Vertex","1","273"
"FClearReplacementVS_Bounds","Global","SF_Vertex","1","309"
"FClearReplacementVS_Depth","Global","SF_Vertex","1","312"
"FClearTranslucentLightingVolumeCS","Global","SF_Compute","1","269"
"FClearUAVBuildIndirectDispatchBufferCS","Global","SF_Compute","1","502"
"FClearUAVCS","Global","SF_Compute","1","327"
"FClearUAVRectsPS","Global","SF_Pixel","1","237"
"FClearUIntGraphicPS","Global","SF_Pixel","3","567"
"FClearVelocityGridCS","Global","SF_Compute","1","331"
"FClearVolumetricShadowMapCS","Global","SF_Compute","1","344"
"FCloudShadowFilterCS","Global","SF_Compute","2","1291"
"FCloudShadowTemporalProcessCS","Global","SF_Compute","1","826"
"FClusteredShadingVS","Global","SF_Vertex","1","583"
"FCombineConeVisibilityCS","Global","SF_Compute","1","707"
"FCombineShadingRateTexturesCS","Global","SF_Compute","2","648"
"FCombineVolumetricShadowMapsCS","Global","SF_Compute","2","3753"
"FCompactFeedbackHashTableCS","Global","SF_Compute","2","894"
"FCompactViewsVSM_CS","Global","SF_Compute","1","1600"
"FCompactVisibleInstancesCs","Global","SF_Compute","1","855"
"FComplexFFTPassCS","Global","SF_Compute","1","1115"
"FComplexMultiplyImagesCS","Global","SF_Compute","1","684"
"FComposeHeightfieldsIntoPagesCS","Global","SF_Compute","2","5396"
"FComposeHoldoutWithCoveragePS","Global","SF_Pixel","1","399"
"FComposeMeshEdgesPS","Global","SF_Pixel","4","3039"
"FComposeSeparateTranslucencyPS","Global","SF_Pixel","2","1711"
"FComposeVolumetricRTOverScenePS","Global","SF_Pixel","64","284567"
"FCompositeAnimatedVectorFieldCS","Global","SF_Compute","1","801"
"FCompositeCoreDilateShader","Global","SF_Compute","3","2766"
"FCompositeCoreDisplayTransformShader","Global","SF_Pixel","1","484"
"FCompositeCoreMergeShader","Global","SF_Pixel","2","4944"
"FCompositeHDRForBlurPS","Global","SF_Pixel","2","2093"
"FCompositeHeightfieldsIntoObjectGridPagesCS","Global","SF_Compute","1","3141"
"FCompositeObjectsIntoObjectGridPagesCS","Global","SF_Compute","8","19301"
"FCompositeObjectsIntoPagesCS","Global","SF_Compute","16","35094"
"FCompositePS","Global","SF_Pixel","4","7917"
"FCompositePostProcessPrimitivesPS","Global","SF_Pixel","14","18651"
"FCompressVolumetricShadowMapCS","Global","SF_Compute","1","1381"
"FComputeBrightnessPS","Global","SF_Pixel","1","459"
"FComputeCubeMaxLuminancePS","Global","SF_Pixel","1","434"
"FComputeCulledObjectStartOffsetCS","Global","SF_Compute","1","497"
"FComputeCulledTilesStartOffsetCS","Global","SF_Compute","1","564"
"FComputeDistanceFieldAssetWantedMipsCS","Global","SF_Compute","1","830"
"FComputeDistanceFieldNormalCS","Global","SF_Compute","1","553"
"FComputeDistanceFieldNormalPS","Global","SF_Pixel","1","569"
"FComputeLightDirectionFromVolumetricLightmapCS","Global","SF_Compute","1","1236"
"FComputeSkyEnvMapDiffuseIrradianceCS","Global","SF_Compute","1","2244"
"FComputeVariableRateShadingImageGeneration","Global","SF_Compute","1","397"
"FConeTraceScreenGridGlobalOcclusionCS","Global","SF_Compute","2","3708"
"FConeTraceScreenGridObjectOcclusionCS","Global","SF_Compute","4","11059"
"FConvertBeerLawShadowMapToVolumetricShadowMapCS","Global","SF_Compute","1","677"
"FConvertTexture3DFixedPointToFloatCS","Global","SF_Compute","1","268"
"FConvertVolumetricShadowMapToBeerLawShadowMapCS","Global","SF_Compute","1","574"
"FConvolveSpecularFaceCS","Global","SF_Compute","1","1826"
"FCopyBackgroundVisibilityPS","Global","SF_Pixel","2","551"
"FCopyCompressCS","Global","SF_Compute","20","32248"
"FCopyCubemapToCubeFacePS","Global","SF_Pixel","1","725"
"FCopyCubemapToIlluminanceMeterCubemapPS","Global","SF_Pixel","1","652"
"FCopyDepthPS","Global","SF_Pixel","4","1214"
"FCopyDiffuseIrradiancePS","Global","SF_Pixel","1","820"
"FCopyDistanceFieldAtlasCS","Global","SF_Compute","1","236"
"FCopyDistanceFieldIndirectionAtlasCS","Global","SF_Compute","1","410"
"FCopyEyeAdaptationToTextureCS","Global","SF_Compute","1","215"
"FCopyIndirectBufferCS","Global","SF_Compute","1","446"
"FCopyMaxIntoMajorantVoxelGridCS","Global","SF_Compute","1","212"
"FCopyPreviousTransformsCS","Global","SF_Compute","2","859"
"FCopyQuadsMultiSourcePSDefault","Global","SF_Pixel","2","1990"
"FCopyQuadsPS","Global","SF_Pixel","1","308"
"FCopyRectPS","Global","SF_Pixel","1","232"
"FCopyRectSrvPS","Global","SF_Pixel","1","232"
"FCopySceneColorPS","Global","SF_Pixel","2","702"
"FCopySceneColorTexturePS","Global","SF_Pixel","1","561"
"FCopySceneColorToCubeFacePS","Global","SF_Pixel","1","716"
"FCopyShadowMaps2DPS","Global","SF_Pixel","1","312"
"FCopyShadowMapsCubeGS","Global","SF_Geometry","1","591"
"FCopyShadowMapsCubePS","Global","SF_Pixel","1","612"
"FCopyStencilToLightingChannelsPS","Global","SF_Pixel","1","485"
"FCopyTexture3D","Global","SF_Compute","1","339"
"FCopyTextureCS_Texture2DArray_Texture2DArray_Float4","Global","SF_Compute","1","347"
"FCopyTextureCS_Texture2DArray_Texture2DArray_Int324","Global","SF_Compute","1","345"
"FCopyTextureCS_Texture2DArray_Texture2DArray_Uint324","Global","SF_Compute","1","347"
"FCopyTextureCS_Texture2DArray_Texture2D_Float4","Global","SF_Compute","1","348"
"FCopyTextureCS_Texture2DArray_Texture2D_Int324","Global","SF_Compute","1","348"
"FCopyTextureCS_Texture2DArray_Texture2D_Uint324","Global","SF_Compute","1","348"
"FCopyTextureCS_Texture2DArray_Texture3D_Float4","Global","SF_Compute","1","348"
"FCopyTextureCS_Texture2DArray_Texture3D_Int324","Global","SF_Compute","1","348"
"FCopyTextureCS_Texture2DArray_Texture3D_Uint324","Global","SF_Compute","1","358"
"FCopyTextureCS_Texture2D_Texture2DArray_Float4","Global","SF_Compute","1","359"
"FCopyTextureCS_Texture2D_Texture2DArray_Int324","Global","SF_Compute","1","359"
"FCopyTextureCS_Texture2D_Texture2DArray_Uint324","Global","SF_Compute","1","359"
"FCopyTextureCS_Texture2D_Texture2D_Float4","Global","SF_Compute","1","359"
"FCopyTextureCS_Texture2D_Texture2D_Int324","Global","SF_Compute","1","359"
"FCopyTextureCS_Texture2D_Texture2D_Uint324","Global","SF_Compute","1","359"
"FCopyTextureCS_Texture2D_Texture3D_Float4","Global","SF_Compute","1","359"
"FCopyTextureCS_Texture2D_Texture3D_Int324","Global","SF_Compute","1","359"
"FCopyTextureCS_Texture2D_Texture3D_Uint324","Global","SF_Compute","1","359"
"FCopyTextureCS_Texture3D_Texture2DArray_Float4","Global","SF_Compute","1","348"
"FCopyTextureCS_Texture3D_Texture2DArray_Int324","Global","SF_Compute","1","348"
"FCopyTextureCS_Texture3D_Texture2DArray_Uint324","Global","SF_Compute","1","348"
"FCopyTextureCS_Texture3D_Texture2D_Float4","Global","SF_Compute","1","348"
"FCopyTextureCS_Texture3D_Texture2D_Int324","Global","SF_Compute","1","348"
"FCopyTextureCS_Texture3D_Texture2D_Uint324","Global","SF_Compute","1","348"
"FCopyTextureCS_Texture3D_Texture3D_Float4","Global","SF_Compute","1","348"
"FCopyTextureCS_Texture3D_Texture3D_Int324","Global","SF_Compute","1","348"
"FCopyTextureCS_Texture3D_Texture3D_Uint324","Global","SF_Compute","1","348"
"FCopyToCubeFaceVS","Global","SF_Vertex","1","551"
"FCopyUIntBufferCS","Global","SF_Compute","1","341"
"FCopyVelocityGridCS","Global","SF_Compute","1","371"
"FCopyWindowCS","Global","SF_Compute","1","616"
"FCreateSparseVoxelBLAS","Global","SF_Compute","1","733"
"FCubeDownsampleMaxPS","Global","SF_Pixel","1","830"
"FCubeDownsamplePS","Global","SF_Pixel","1","1019"
"FCubeFilterPS","Global","SF_Pixel","1","1662"
"FCubemapTexturePropertiesPS","Global","SF_Pixel","4","2886"
"FCubemapTexturePropertiesVS","Global","SF_Vertex","1","404"
"FCullObjectsForShadowCS","Global","SF_Compute","2","1873"
"FCullObjectsForViewCS","Global","SF_Compute","1","1068"
"FCullObjectsToClipmapCS","Global","SF_Compute","2","1722"
"FCullObjectsToGridCS","Global","SF_Compute","1","1150"
"FDebugAlphaChannelCS","Global","SF_Compute","1","488"
"FDebugTranslucencyLightingVolumeCS","Global","SF_Compute","1","6020"
"FDebugVariableRateShadingPS","Global","SF_Pixel","2","957"
"FDeepShadowCreateViewInfoCS","Global","SF_Compute","1","3502"
"FDeepShadowVisualizePS","Global","SF_Pixel","2","1265"
"FDeferredDecalVS","Global","SF_Vertex","1","298"
"FDeferredLightApplyToonDiffusePS","Global","SF_Pixel","2","1177"
"FDeferredLightHairVS","Global","SF_Vertex","1","583"
"FDeferredLightOverlapPS","Global","SF_Pixel","2","1330"
"FDeferredLightPS","Global","SF_Pixel","312","3307228"
"FDeferredLightVS","Global","SF_Vertex","2","1523"
"FDeformGuideCS","Global","SF_Compute","5","3778"
"FDesaturatePS","Global","SF_Pixel","1","277"
"FDeviceEncodingOnlyCS","Global","SF_Compute","3","11109"
"FDeviceEncodingOnlyPS","Global","SF_Pixel","3","10896"
"FDiaphragmDOFBuildBokehLUTCS","Global","SF_Compute","6","4670"
"FDiaphragmDOFCocDilateCS","Global","SF_Compute","9","18751"
"FDiaphragmDOFCocFlattenCS","Global","SF_Compute","4","3359"
"FDiaphragmDOFDownsampleCS","Global","SF_Compute","2","1471"
"FDiaphragmDOFGatherCS","Global","SF_Compute","82","322062"
"FDiaphragmDOFHybridScatterPS","Global","SF_Pixel","12","19107"
"FDiaphragmDOFHybridScatterVS","Global","SF_Vertex","2","2440"
"FDiaphragmDOFPostfilterCS","Global","SF_Compute","8","5896"
"FDiaphragmDOFRecombineCS","Global","SF_Compute","42","138258"
"FDiaphragmDOFReduceCS","Global","SF_Compute","30","60341"
"FDiaphragmDOFScatterGroupPackCS","Global","SF_Compute","3","1605"
"FDiaphragmDOFSetupCS","Global","SF_Compute","6","9478"
"FDiffuseIndirectCompositePS","Global","SF_Pixel","153","635738"
"FDiffuseIrradianceReferenceCS","Global","SF_Compute","1","1136"
"FDilateExistenceMaskCS","Global","SF_Compute","1","395"
"FDilateMarkedVoxelsCS","Global","SF_Compute","1","572"
"FDistanceFieldAOUpsamplePS","Global","SF_Pixel","2","2146"
"FDistanceFieldShadowingCS","Global","SF_Compute","288","976716"
"FDistanceFieldShadowingUpsamplePS","Global","SF_Pixel","2","1709"
"FDistortionApplyScreenPS","Global","SF_Pixel","4","3251"
"FDistortionMergeScreenPS","Global","SF_Pixel","4","1417"
"FDitheredTransitionStencilCS","Global","SF_Compute","1","491"
"FDitheredTransitionStencilPS","Global","SF_Pixel","1","383"
"FDownsampleCS","Global","SF_Compute","2","946"
"FDownsampleCubeFaceCS","Global","SF_Compute","1","1142"
"FDownsampleDepthPS","Global","SF_Pixel","3","1835"
"FDownsampleIntegrateCubemapIlluminancePS","Global","SF_Pixel","1","818"
"FDownsampleLightShaftsPixelShader","Global","SF_Pixel","2","1434"
"FDownsampleLightShaftsVertexShader","Global","SF_Vertex","1","551"
"FDownsampleMajorantVoxelGridCS","Global","SF_Compute","1","806"
"FDownsamplePS","Global","SF_Pixel","2","879"
"FDownsampleSceneColorCS","Global","SF_Compute","1","385"
"FDrawDebugStrandsCVsCS","Global","SF_Compute","1","3441"
"FDrawTexturePS","Global","SF_Pixel","1","306"
"FDumpTextureCS","Global","SF_Compute","3","723"
"FEvaluateConcatenateScatterCS","Global","SF_Compute","13","87257"
"FExponentialHeightFogPS","Global","SF_Pixel","64","191775"
"FExrSwizzlePS","Global","SF_Pixel","12","16110"
"FExrSwizzleVS","Global","SF_Vertex","1","461"
"FEyeAdaptationCS","Global","SF_Compute","2","6177"
"FFXAAPS","Global","SF_Pixel","12","21595"
"FFillMipsConditionBufferCS","Global","SF_Compute","1","277"
"FFillTextureCS","Global","SF_Compute","1","334"
"FFilmGrainPackConstantsCS","Global","SF_Compute","1","298"
"FFilmGrainReduceCS","Global","SF_Compute","1","512"
"FFilterCS","Global","SF_Compute","132","96884"
"FFilterHistoryPS","Global","SF_Pixel","2","1411"
"FFilterPS","Global","SF_Pixel","132","90025"
"FFilterSceneColorCS","Global","SF_Compute","1","487"
"FFilterTranslucentVolumeCS","Global","SF_Compute","10","10892"
"FFilterVS","Global","SF_Vertex","16","8289"
"FFinishOcclusionPixelShader","Global","SF_Pixel","1","529"
"FFirstPersonSelfShadowBlurPS","Global","SF_Pixel","1","1386"
"FFirstPersonSelfShadowInputsDownsamplePS","Global","SF_Pixel","1","1299"
"FFirstPersonSelfShadowTracingPS","Global","SF_Pixel","6","13870"
"FFirstPersonSelfShadowUpsamplePS","Global","SF_Pixel","1","1005"
"FFrustumCullVoxelsCS","Global","SF_Compute","1","626"
"FFusionBlendCS","Global","SF_Compute","2","945"
"FFusionSetupCS","Global","SF_Compute","1","3219"
"FGLTFSimpleElementNormalMapPS","Global","SF_Pixel","1","402"
"FGLTFSimpleTexture2DPS","Global","SF_Pixel","1","229"
"FGPUDebugCrashUtilsCS","Global","SF_Compute","2","557"
"FGPUMorphNormalizeCS","Global","SF_Compute","1","541"
"FGPUMorphUpdateCS","Global","SF_Compute","1","1968"
"FGPUSceneSetInstancePrimitiveIdCS","Global","SF_Compute","1","966"
"FGPUSkinCacheCS","Global","SF_Compute","27","53176"
"FGSComplexTransformCS","Global","SF_Compute","12","42372"
"FGSConvolutionWithTextureCS","Global","SF_Compute","12","68092"
"FGSTwoForOneTransformCS","Global","SF_Compute","12","69459"
"FGTAOHorizonSearchAndIntegrateCS","Global","SF_Compute","10","33707"
"FGTAOHorizonSearchCS","Global","SF_Compute","5","20272"
"FGTAOInnerIntegratePS","Global","SF_Pixel","1","1823"
"FGTAOSpatialFilterCS","Global","SF_Compute","1","1342"
"FGTAOTemporalFilterCS","Global","SF_Compute","1","1375"
"FGTAOUpsamplePS","Global","SF_Pixel","1","478"
"FGatherMarkedVoxelsCS","Global","SF_Compute","1","417"
"FGenerateConservativeDepthBufferCS","Global","SF_Compute","1","1267"
"FGenerateDistanceFieldAssetStreamingRequestsCS","Global","SF_Compute","1","498"
"FGenerateMin3D","Global","SF_Compute","1","514"
"FGenerateMipCS","Global","SF_Compute","1","711"
"FGenerateMips3D","Global","SF_Compute","1","394"
"FGenerateMipsCS","Global","SF_Compute","4","1586"
"FGenerateMipsIndirectCS","Global","SF_Compute","4","1586"
"FGenerateMipsPS","Global","SF_Pixel","1","297"
"FGenerateMipsVS","Global","SF_Vertex","1","278"
"FGeneratePaniniUVDisplacementCS","Global","SF_Compute","1","1194"
"FGenerateRasterTiles","Global","SF_Compute","2","1035"
"FGeometryAwareUpsamplePS","Global","SF_Pixel","1","1510"
"FGlobalDistanceFieldAccumulateUpdatedPagesCS","Global","SF_Compute","1","292"
"FGlobalDistanceFieldPageStatsCS","Global","SF_Compute","1","745"
"FGroomCacheUpdatePassCS","Global","SF_Compute","1","1212"
"FGroupShardSubFFTPassCS","Global","SF_Compute","1","1817"
"FHMDDistortionPS","Global","SF_Pixel","1","439"
"FHMDDistortionVS","Global","SF_Vertex","1","450"
"FHZBBuildCS","Global","SF_Compute","48","41216"
"FHZBBuildPS","Global","SF_Pixel","2","883"
"FHZBTestPS","Global","SF_Pixel","1","2200"
"FHairAttributeDebugCS","Global","SF_Compute","1","2966"
"FHairCardsDeformationCS","Global","SF_Compute","2","3223"
"FHairClusterAABBCS","Global","SF_Compute","2","2118"
"FHairClusterCullArgsCS","Global","SF_Compute","1","463"
"FHairClusterCullCS","Global","SF_Compute","5","6518"
"FHairCountToCoverageCS","Global","SF_Compute","2","811"
"FHairCoverageLUTCS","Global","SF_Compute","1","323"
"FHairDOFDepthPS","Global","SF_Pixel","1","512"
"FHairDebugPS","Global","SF_Pixel","1","1633"
"FHairEnvironmentAO","Global","SF_Pixel","2","5155"
"FHairEnvironmentLightingPS","Global","SF_Pixel","11","68134"
"FHairEnvironmentLightingVS","Global","SF_Vertex","1","583"
"FHairFollicleMaskPS","Global","SF_Pixel","1","502"
"FHairFollicleMaskVS","Global","SF_Vertex","2","1264"
"FHairHoldoutPS","Global","SF_Pixel","1","242"
"FHairInitMeshSamplesCS","Global","SF_Compute","2","1100"
"FHairInterpolationCS","Global","SF_Compute","96","214526"
"FHairLUTCS","Global","SF_Compute","2","4074"
"FHairLightSampleClearPS","Global","SF_Pixel","1","310"
"FHairLightSampleClearVS","Global","SF_Vertex","1","565"
"FHairMacroGroupAABBCS","Global","SF_Compute","1","1381"
"FHairMeshesInterpolateCS","Global","SF_Compute","1","655"
"FHairPatchAttributeCS","Global","SF_Compute","2","1321"
"FHairRaytracingGeometryCS","Global","SF_Compute","2","3795"
"FHairResourceTransitionPass","Global","SF_Compute","5","2477"
"FHairStrandCopyPositionCS","Global","SF_Compute","1","464"
"FHairStrandTextureClearCS","Global","SF_Compute","1","887"
"FHairStrandTextureCopyCS","Global","SF_Compute","1","333"
"FHairStrandTextureDilationCS","Global","SF_Compute","1","1182"
"FHairStrandsClearTransmittanceMaskCS","Global","SF_Compute","1","249"
"FHairStrandsDeepShadowMaskPS","Global","SF_Pixel","5","12621"
"FHairStrandsDeepShadowTransmittanceMaskCS","Global","SF_Compute","2","10353"
"FHairStrandsEmitDepthPS","Global","SF_Pixel","4","2742"
"FHairStrandsPositionChangedCS","Global","SF_Compute","1","1873"
"FHairStrandsShadowDepthInjectionPS","Global","SF_Pixel","1","2202"
"FHairStrandsShadowDepthInjectionVS","Global","SF_Vertex","1","931"
"FHairStrandsTextureCS","Global","SF_Compute","1","4773"
"FHairStrandsTexturePS","Global","SF_Pixel","1","418"
"FHairStrandsTextureVS","Global","SF_Vertex","1","666"
"FHairStrandsTileCopyArgsPassCS","Global","SF_Compute","1","607"
"FHairStrandsTileDebugPassPS","Global","SF_Pixel","1","455"
"FHairStrandsTileGenerationPassCS","Global","SF_Compute","2","1929"
"FHairStrandsTilePassVS","Global","SF_Vertex","1","550"
"FHairStrandsVoxelShadowMaskPS","Global","SF_Pixel","2","5788"
"FHairStrandsVoxelTransmittanceMaskCS","Global","SF_Compute","16","56803"
"FHairTangentCS","Global","SF_Compute","2","2154"
"FHairTileClearCS","Global","SF_Compute","1","423"
"FHairTranscodeCS","Global","SF_Compute","2","1545"
"FHairUpdateMeshSamplesCS","Global","SF_Compute","1","589"
"FHairUpdateMeshTriangleCS","Global","SF_Compute","4","7406"
"FHairUpdatePositionOffsetCS","Global","SF_Compute","4","1104"
"FHairVelocityCS","Global","SF_Compute","7","6659"
"FHairViewTransmittanceDepthPS","Global","SF_Pixel","2","379"
"FHairVisibilityCompactionComputeRasterCS","Global","SF_Compute","4","5370"
"FHairVisibilityComposeSamplePS","Global","SF_Pixel","6","15319"
"FHairVisibilityControlPointIdCompactionCS","Global","SF_Compute","14","19723"
"FHairVisibilityDepthPS","Global","SF_Pixel","4","2360"
"FHairVisibilityFastResolveMaskPS","Global","SF_Pixel","1","281"
"FHairVisibilityFillOpaqueDepthPS","Global","SF_Pixel","1","305"
"FHairVisibilityGBufferWritePS","Global","SF_Pixel","2","2073"
"FHardwareVideoDecodingPS","Global","SF_Pixel","1","595"
"FHardwareVideoDecodingPassThroughPS","Global","SF_Pixel","1","251"
"FHardwareVideoDecodingVS","Global","SF_Vertex","1","354"
"FHardwareVideoDecodingY416PS","Global","SF_Pixel","1","578"
"FHardwareVideoDecodingYCoCgAlphaPS","Global","SF_Pixel","1","562"
"FHardwareVideoDecodingYCoCgPS","Global","SF_Pixel","1","596"
"FHdrCustomResolve2xPS","Global","SF_Pixel","1","444"
"FHdrCustomResolve4xPS","Global","SF_Pixel","1","496"
"FHdrCustomResolve8xPS","Global","SF_Pixel","1","495"
"FHdrCustomResolveFMask2xPS","Global","SF_Pixel","1","503"
"FHdrCustomResolveFMask4xPS","Global","SF_Pixel","1","502"
"FHdrCustomResolveFMask8xPS","Global","SF_Pixel","1","503"
"FHdrCustomResolveVS","Global","SF_Vertex","1","333"
"FHeightFogVS","Global","SF_Vertex","1","422"
"FHeterogeneousVolumesCompositeCS","Global","SF_Compute","1","5028"
"FHeterogeneousVolumesFilterCS","Global","SF_Compute","3","2262"
"FHeterogeneousVolumesUpsampleCS","Global","SF_Compute","2","917"
"FHistogramAtomicCS","Global","SF_Compute","6","7487"
"FHistogramAtomicConvertCS","Global","SF_Compute","1","683"
"FHistogramCS","Global","SF_Compute","5","8537"
"FHistogramReducePS","Global","SF_Pixel","1","593"
"FHitProxyCopyPS","Global","SF_Pixel","1","417"
"FIESAtlasAddTextureCS","Global","SF_Compute","1","665"
"FIESLightProfilePS","Global","SF_Pixel","1","1221"
"FInitDynamicMeshBoundsCS","Global","SF_Compute","1","486"
"FInitIndirectArgs1DCS","Global","SF_Compute","1","375"
"FInitIndirectArgsCS","Global","SF_Compute","1","415"
"FInitPageFreeListCS","Global","SF_Compute","1","335"
"FInjectAmbientCubemapPS","Global","SF_Pixel","1","353"
"FInjectShadowedLocalLightPS","Global","SF_Pixel","48","211991"
"FInstanceCullingOcclusionQueryCS","Global","SF_Compute","4","16226"
"FInstanceCullingOcclusionQueryDebugPS","Global","SF_Pixel","1","335"
"FInstanceCullingOcclusionQueryDebugVS","Global","SF_Vertex","1","4017"
"FInstanceCullingOcclusionQueryPS","Global","SF_Pixel","1","257"
"FInstanceCullingOcclusionQueryVS","Global","SF_Vertex","2","3437"
"FInterpolateGroomGuidesCS","Global","SF_Compute","2","4091"
"FLUTBlenderCS","Global","SF_Compute","12","65785"
"FLUTInnerCS","Global","SF_Compute","2","15434"
"FLandscapeCopyTexturePS","Global","SF_Pixel","1","475"
"FLandscapeCopyTextureVS","Global","SF_Vertex","1","376"
"FLandscapeEditLayersHeightmapsGenerateMipsPS","Global","SF_Pixel","1","928"
"FLandscapeEditLayersHeightmapsGenerateNormalsPS","Global","SF_Pixel","1","2070"
"FLandscapeEditLayersHeightmapsMergeEditLayerPS","Global","SF_Pixel","1","893"
"FLandscapeEditLayersResolveLayerDataPS","Global","SF_Pixel","2","619"
"FLandscapeEditLayersWeightmapsGenerateMipsPS","Global","SF_Pixel","1","701"
"FLandscapeEditLayersWeightmapsMergeEditLayerPS","Global","SF_Pixel","1","1865"
"FLandscapeEditLayersWeightmapsPackWeightmapPS","Global","SF_Pixel","1","562"
"FLandscapeEditLayersWeightmapsPerformFinalWeightBlendingPS","Global","SF_Pixel","1","784"
"FLandscapeMergeTexturesPS","Global","SF_Pixel","2","909"
"FLandscapePackRGBAChannelsPS","Global","SF_Pixel","1","437"
"FLandscapeResampleMergedTexturePS","Global","SF_Pixel","2","1046"
"FLateZDummyPS","Global","SF_Pixel","1","187"
"FLensFlareBlurPS","Global","SF_Pixel","1","288"
"FLensFlareBlurVS","Global","SF_Vertex","1","835"
"FLensFlareCompositePS","Global","SF_Pixel","1","448"
"FLensFlareCopyBloomPS","Global","SF_Pixel","1","251"
"FLightGridFeedbackStatusCS","Global","SF_Compute","1","464"
"FLightGridInjectionCS","Global","SF_Compute","96","341344"
"FLocalFogVolumeTiledCullingCS","Global","SF_Compute","2","3100"
"FLocalFogVolumeTiledRenderPS","Global","SF_Pixel","2","4791"
"FLocalFogVolumeTiledRenderVS","Global","SF_Vertex","1","566"
"FLongGPUTaskPS","Global","SF_Pixel","1","367"
"FMarkHeightfieldPagesCS","Global","SF_Compute","1","2636"
"FMarkTopLevelGridVoxelsForFrustumGrid","Global","SF_Compute","1","846"
"FMaterialPrintInfoCS","Global","SF_Compute","1","21730"
"FMaxTexture3D","Global","SF_Compute","1","369"
"FMediaShadersVS","Global","SF_Vertex","1","254"
"FMemcpyCS","Global","SF_Compute","3","1308"
"FMemsetBufferCS","Global","SF_Compute","3","1176"
"FMitchellNetravaliDownsampleCS","Global","SF_Compute","2","3716"
"FModifyAlphaSwizzleRgbaPS","Global","SF_Pixel","3","759"
"FMotionBlurFilterCS","Global","SF_Compute","10","29065"
"FMotionBlurFilterTileClassifyCS","Global","SF_Compute","2","2703"
"FMotionBlurVelocityDilateGatherCS","Global","SF_Compute","2","3258"
"FMotionBlurVelocityDilateScatterPS","Global","SF_Pixel","1","176"
"FMotionBlurVelocityDilateScatterVS","Global","SF_Vertex","1","963"
"FMotionBlurVelocityFlattenCS","Global","SF_Compute","2","4247"
"FMotionBlurVisualizePS","Global","SF_Pixel","1","2943"
"FMotionVectorWorldOffsetVelocityResolveCS","Global","SF_Compute","2","2117"
"FNULLPS","Global","SF_Pixel","1","249"
"FNV12ConvertAsBytesPS","Global","SF_Pixel","1","1373"
"FNV12ConvertPS","Global","SF_Pixel","1","1246"
"FNV21ConvertPS","Global","SF_Pixel","1","726"
"FNiagaraClearAsyncGpuTraceCS","Global","SF_Compute","1","285"
"FNiagaraClearCountsIntCS","Global","SF_Compute","1","331"
"FNiagaraClearCountsIntCS_Legacy","Global","SF_Compute","1","331"
"FNiagaraClearCountsUIntCS","Global","SF_Compute","1","332"
"FNiagaraClearCountsUIntCS_Legacy","Global","SF_Compute","1","332"
"FNiagaraClearUAVCS","Global","SF_Compute","1","429"
"FNiagaraCopySVTToDenseBufferCS","Global","SF_Compute","1","572"
"FNiagaraDispatchIndirectArgsGenCS","Global","SF_Compute","1","787"
"FNiagaraDrawIndirectArgsGenCS","Global","SF_Compute","2","1178"
"FNiagaraDrawIndirectResetCountsCS","Global","SF_Compute","1","327"
"FNiagaraGenerateMipsCS","Global","SF_Compute","4","2288"
"FNiagaraInitFreeIDBufferCS","Global","SF_Compute","1","331"
"FNiagaraInstanceCountsInitCS","Global","SF_Compute","1","332"
"FNiagaraLWCTileShiftPositionsCS","Global","SF_Compute","1","649"
"FNiagaraNeighborQueryHistogramCS","Global","SF_Compute","1","370"
"FNiagaraNeighborQueryPrefixSumLocalScanCS","Global","SF_Compute","1","920"
"FNiagaraNeighborQueryPrefixSumPropagateCS","Global","SF_Compute","1","486"
"FNiagaraNeighborQueryScatterCS","Global","SF_Compute","1","1005"
"FNiagaraRayMarchGlobalSdfCS","Global","SF_Compute","1","2259"
"FNiagaraRibbonAggregationApplyCS","Global","SF_Compute","2","1283"
"FNiagaraRibbonAggregationStepCS","Global","SF_Compute","3","2170"
"FNiagaraRibbonCreateIndexBufferCS","Global","SF_Compute","2","1901"
"FNiagaraRibbonCreateIndexBufferParamsCS","Global","SF_Compute","1","1564"
"FNiagaraRibbonSortPhase1CS","Global","SF_Compute","3","2771"
"FNiagaraRibbonSortPhase2CS","Global","SF_Compute","3","3408"
"FNiagaraRibbonUVParamCalculationCS","Global","SF_Compute","2","4399"
"FNiagaraRibbonVertexReductionFinalizeCS","Global","SF_Compute","2","2817"
"FNiagaraRibbonVertexReductionInitializationCS","Global","SF_Compute","3","6235"
"FNiagaraSimpleElement2DArrayAttribute","Global","SF_Pixel","1","720"
"FNiagaraSimpleElementPS","Global","SF_Pixel","1","611"
"FNiagaraSimpleElementVolumeAttribute","Global","SF_Pixel","1","915"
"FNiagaraSortKeyGenCS","Global","SF_Compute","4","6009"
"FNiagaraUpdateCollisionGroupMapCS","Global","SF_Compute","1","695"
"FNiagaraUpdateMeshGPUSceneInstancesCS","Global","SF_Compute","2","12788"
"FOITPixelCombineCS","Global","SF_Compute","2","2241"
"FOITSortTriangleIndex_AllocateCS","Global","SF_Compute","1","424"
"FOITSortTriangleIndex_ScanCS","Global","SF_Compute","1","1033"
"FOITSortTriangleIndex_WriteOutCS","Global","SF_Compute","1","600"
"FObjectCullPS","Global","SF_Pixel","2","6017"
"FObjectCullVS","Global","SF_Vertex","1","664"
"FOcclusionQueryPS","Global","SF_Pixel","1","249"
"FOcclusionQueryVS","Global","SF_Vertex","1","353"
"FOculusAlphaInverseShader","Global","SF_Pixel","1","263"
"FOculusBlackShader","Global","SF_Pixel","1","249"
"FOculusCubemapPS","Global","SF_Pixel","1","547"
"FOculusVertexShader","Global","SF_Vertex","1","254"
"FOculusWhiteShader","Global","SF_Pixel","1","249"
"FOneColorPS","Global","SF_Pixel","1","187"
"FOnePassPointShadowProjectionPS1falsefalse","Global","SF_Pixel","1","1099"
"FOnePassPointShadowProjectionPS1falsetrue","Global","SF_Pixel","1","1076"
"FOnePassPointShadowProjectionPS1truefalse","Global","SF_Pixel","1","2207"
"FOnePassPointShadowProjectionPS2falsefalse","Global","SF_Pixel","1","1099"
"FOnePassPointShadowProjectionPS2falsetrue","Global","SF_Pixel","1","1076"
"FOnePassPointShadowProjectionPS2truefalse","Global","SF_Pixel","1","2207"
"FOnePassPointShadowProjectionPS3falsefalse","Global","SF_Pixel","1","1481"
"FOnePassPointShadowProjectionPS3falsetrue","Global","SF_Pixel","1","1485"
"FOnePassPointShadowProjectionPS3truefalse","Global","SF_Pixel","1","2459"
"FOnePassPointShadowProjectionPS4falsefalse","Global","SF_Pixel","1","1706"
"FOnePassPointShadowProjectionPS4falsetrue","Global","SF_Pixel","1","1671"
"FOnePassPointShadowProjectionPS4truefalse","Global","SF_Pixel","1","2538"
"FOnePassPointShadowProjectionPS5falsefalse","Global","SF_Pixel","1","2459"
"FOnePassPointShadowProjectionPS5falsetrue","Global","SF_Pixel","1","2378"
"FOnePassPointShadowProjectionPS5truefalse","Global","SF_Pixel","1","3379"
"FOpaqueRoughRefractionPS","Global","SF_Pixel","1","251"
"FP010ConvertAsUINT16sPS","Global","SF_Pixel","1","1350"
"FP010ConvertPS","Global","SF_Pixel","1","1224"
"FP010_2101010ConvertPS","Global","SF_Pixel","1","1450"
"FPCGGrassMapUnpackerCS","Global","SF_Compute","1","959"
"FPCGSceneWriterCS","Global","SF_Compute","1","2238"
"FPCGTextureDownsampleCS","Global","SF_Compute","12","6104"
"FPCGTextureReadbackCS","Global","SF_Compute","1","444"
"FPackTwoForOneFFTPassCS","Global","SF_Compute","1","994"
"FPageFreeListReturnCS","Global","SF_Compute","1","323"
"FPageFreeListReturnIndirectArgBufferCS","Global","SF_Compute","1","350"
"FParticleBoundsCS","Global","SF_Compute","1","1552"
"FParticleCurveInjectionPS","Global","SF_Pixel","1","176"
"FParticleCurveInjectionVS","Global","SF_Vertex","1","446"
"FParticleInjectionVS","Global","SF_Vertex","1","662"
"FParticleSimVisualizePS","Global","SF_Pixel","1","497"
"FParticleSimVisualizeVS","Global","SF_Vertex","1","305"
"FParticleSimulationClearPS","Global","SF_Pixel","1","203"
"FParticleSortKeyGenCS","Global","SF_Compute","1","625"
"FParticleTileVS","Global","SF_Vertex","1","681"
"FPixelShaderUtils::FRasterizeToRectsVS","Global","SF_Vertex","2","1203"
"FPlanarReflectionPS","Global","SF_Pixel","1","1363"
"FPopulateCompositeDepthPS","Global","SF_Pixel","5","2584"
"FPostProcessBenchmarkPS0","Global","SF_Pixel","1","687"
"FPostProcessBenchmarkPS1","Global","SF_Pixel","1","437"
"FPostProcessBenchmarkPS2","Global","SF_Pixel","1","478"
"FPostProcessBenchmarkPS3","Global","SF_Pixel","1","268"
"FPostProcessBenchmarkPS4","Global","SF_Pixel","1","612"
"FPostProcessBenchmarkPS5","Global","SF_Pixel","1","166"
"FPostProcessBenchmarkVS0","Global","SF_Vertex","1","439"
"FPostProcessBenchmarkVS1","Global","SF_Vertex","1","330"
"FPostProcessBenchmarkVS2","Global","SF_Vertex","1","248"
"FPropagateMipDistanceCS","Global","SF_Compute","2","2510"
"FRDGMemcpyCS","Global","SF_Compute","6","2502"
"FRDGMemsetBufferCS","Global","SF_Compute","6","2242"
"FRDGScatterCopyCS","Global","SF_Compute","7","3243"
"FRGB10toYUVv210ConvertPS","Global","SF_Pixel","1","1180"
"FRGB8toUYVY8ConvertPS","Global","SF_Pixel","1","627"
"FRGB8toY8ConvertPS","Global","SF_Pixel","1","542"
"FRGBConvertPS","Global","SF_Pixel","1","1237"
"FRadixSortClearOffsetsCS","Global","SF_Compute","1","257"
"FRadixSortDownsweepCS","Global","SF_Compute","1","4015"
"FRadixSortSpineCS","Global","SF_Compute","1","1149"
"FRadixSortUpsweepCS","Global","SF_Compute","1","1233"
"FReadTextureExternalPS","Global","SF_Pixel","1","528"
"FRecomputeTangentsPerTriangleCS","Global","SF_Compute","2","3807"
"FRecomputeTangentsPerVertexCS","Global","SF_Compute","2","1639"
"FReconstructVolumetricRenderTargetPS","Global","SF_Pixel","20","69533"
"FRectAtlasAddTexturePS","Global","SF_Pixel","1","582"
"FRectAtlasCopyTexturePS","Global","SF_Pixel","1","424"
"FRectAtlasFilterTexturePS","Global","SF_Pixel","1","1199"
"FRectLightAtlasVS","Global","SF_Vertex","1","638"
"FRefPoseTransformProviderCS","Global","SF_Compute","1","404"
"FRefineSparseVoxels","Global","SF_Compute","1","809"
"FReflectionEnvironmentSkyLightingPS","Global","SF_Pixel","384","2321672"
"FRenderCameraAerialPerspectiveVolumeCS","Global","SF_Compute","64","328516"
"FRenderComponentIdPS","Global","SF_Pixel","1","301"
"FRenderDebugSkyAtmospherePS","Global","SF_Pixel","1","3813"
"FRenderDistantSkyLightLutCS","Global","SF_Compute","2","4505"
"FRenderLightingCacheWithPreshadingCS","Global","SF_Compute","4","20903"
"FRenderMultiScatteredLuminanceLutCS","Global","SF_Compute","2","5203"
"FRenderRealTimeReflectionHeightFogPS","Global","SF_Pixel","2","3609"
"FRenderRealTimeReflectionHeightFogVS","Global","SF_Vertex","1","454"
"FRenderSeparateCompositionTexturesCS","Global","SF_Compute","64","242706"
"FRenderSingleScatteringWithPreshadingCS","Global","SF_Compute","4","32417"
"FRenderSkyAtmospherePS","Global","SF_Pixel","69","345254"
"FRenderSkyAtmosphereVS","Global","SF_Vertex","1","327"
"FRenderSkyViewLutCS","Global","SF_Compute","32","142010"
"FRenderTransmittanceLutCS","Global","SF_Compute","1","1241"
"FRenderTransmittanceWithVoxelGridCS","Global","SF_Compute","9","25958"
"FRenderVolumetricShadowMapForLightWithVoxelGridCS","Global","SF_Compute","2","7297"
"FRenderVolumetricShadowMaskCS","Global","SF_Compute","2","7595"
"FReorderFFTPassCS","Global","SF_Compute","1","1136"
"FRescaleVariableRateShadingCS","Global","SF_Compute","1","1202"
"FResetPhysicsFieldClipmapCS","Global","SF_Compute","1","965"
"FResolveAttachmentsCS","Global","SF_Compute","1","4091"
"FResolveDepth2XPS","Global","SF_Pixel","1","319"
"FResolveDepth4XPS","Global","SF_Pixel","1","390"
"FResolveDepth8XPS","Global","SF_Pixel","1","391"
"FResolveDepthPS","Global","SF_Pixel","1","402"
"FResolveSingleSamplePS","Global","SF_Pixel","1","304"
"FResolveVS","Global","SF_Vertex","1","397"
"FSHCoefficientsToCubemapCS","Global","SF_Compute","1","981"
"FSMAABlendingWeightCalculationPS","Global","SF_Pixel","3","6378"
"FSMAABlendingWeightCalculationVS","Global","SF_Vertex","4","2314"
"FSMAADebugVisualizationPS","Global","SF_Pixel","1","540"
"FSMAADebugVisualizationVS","Global","SF_Vertex","1","468"
"FSMAAEdgeDetectionPS","Global","SF_Pixel","3","2790"
"FSMAAEdgeDetectionVS","Global","SF_Vertex","1","504"
"FSMAANeighborhoodBlendingPS","Global","SF_Pixel","2","1317"
"FSMAANeighborhoodBlendingVS","Global","SF_Vertex","1","468"
"FSSDCompressMetadataCS","Global","SF_Compute","2","1572"
"FSSDSpatialAccumulationCS","Global","SF_Compute","1","3100"
"FSSDTemporalAccumulationCS","Global","SF_Compute","1","3704"
"FSSRTDiffuseTileClassificationCS","Global","SF_Compute","1","1634"
"FSSRTPrevFrameReductionCS","Global","SF_Compute","4","8122"
"FSSRTileCategorisationMarkCS","Global","SF_Compute","2","1700"
"FSSRTileClassificationBuildListsCS","Global","SF_Compute","1","850"
"FSSSDownsampleSceneColorCS","Global","SF_Compute","1","576"
"FSSSTileCategorisationMarkCS","Global","SF_Compute","2","4270"
"FSSSTileClassificationBuildListsCS","Global","SF_Compute","1","769"
"FSSSUpsampleSceneColorCS","Global","SF_Compute","4","2287"
"FScatterCopyCS","Global","SF_Compute","4","1869"
"FScatterUploadDistanceFieldAtlasCS","Global","SF_Compute","1","495"
"FScatterUploadDistanceFieldIndirectionAtlasCS","Global","SF_Compute","1","378"
"FSceneCapturePS","Global","SF_Pixel","8","3539"
"FScreenPS","Global","SF_Pixel","1","251"
"FScreenPSArraySlice","Global","SF_Pixel","1","305"
"FScreenPSInvertAlpha","Global","SF_Pixel","1","292"
"FScreenPSMipLevel","Global","SF_Pixel","1","297"
"FScreenPS_OSE","Global","SF_Pixel","1","251"
"FScreenPSsRGBSource","Global","SF_Pixel","1","323"
"FScreenPSsRGBSourceMipLevel","Global","SF_Pixel","1","365"
"FScreenPassVS","Global","SF_Vertex","1","461"
"FScreenSpaceCastStandaloneRayCS","Global","SF_Compute","4","12218"
"FScreenSpaceReflectionsCS","Global","SF_Compute","10","26903"
"FScreenSpaceReflectionsPS","Global","SF_Pixel","10","26672"
"FScreenSpaceReflectionsStencilPS","Global","SF_Pixel","2","1090"
"FScreenSpaceReflectionsTileVS","Global","SF_Vertex","1","550"
"FScreenSpaceShadowsBendCS","Global","SF_Compute","3","18335"
"FScreenSpaceShadowsCS","Global","SF_Compute","1","1816"
"FScreenSpaceShadowsUpsamplePS","Global","SF_Pixel","2","1400"
"FScreenTileClassificationCS","Global","SF_Compute","1","1325"
"FScreenVS","Global","SF_Vertex","1","441"
"FScreenVertexShaderVS","Global","SF_Vertex","1","225"
"FScrollingShadowMaps2DPS","Global","SF_Pixel","1","401"
"FSelectionOutlinePS","Global","SF_Pixel","8","24079"
"FSetRasterizeBottomLevelGridIndirectArgs","Global","SF_Compute","1","424"
"FSetupExposureIlluminanceCS","Global","SF_Compute","1","393"
"FSetupLogLuminanceCS","Global","SF_Compute","1","439"
"FSetupMotionBlurFilterCS","Global","SF_Compute","1","318"
"FShader_VirtualTextureCompress_CS< ERuntimeVirtualTextureMaterialType::BaseColor >","Global","SF_Compute","4","6909"
"FShader_VirtualTextureCompress_CS< ERuntimeVirtualTextureMaterialType::BaseColor_Normal_Roughness >","Global","SF_Compute","4","9806"
"FShader_VirtualTextureCompress_CS< ERuntimeVirtualTextureMaterialType::BaseColor_Normal_Specular >","Global","SF_Compute","4","13191"
"FShader_VirtualTextureCompress_CS< ERuntimeVirtualTextureMaterialType::BaseColor_Normal_Specular_Mask_YCoCg >","Global","SF_Compute","4","18703"
"FShader_VirtualTextureCompress_CS< ERuntimeVirtualTextureMaterialType::BaseColor_Normal_Specular_YCoCg >","Global","SF_Compute","4","17107"
"FShader_VirtualTextureCompress_CS< ERuntimeVirtualTextureMaterialType::Displacement >","Global","SF_Compute","4","4940"
"FShader_VirtualTextureCompress_CS< ERuntimeVirtualTextureMaterialType::Mask4 >","Global","SF_Compute","4","9564"
"FShader_VirtualTextureCopy_PS< ERuntimeVirtualTextureMaterialType::BaseColor >","Global","SF_Pixel","1","289"
"FShader_VirtualTextureCopy_PS< ERuntimeVirtualTextureMaterialType::BaseColor_Normal_Specular >","Global","SF_Pixel","1","391"
"FShader_VirtualTextureCopy_PS< ERuntimeVirtualTextureMaterialType::BaseColor_Normal_Specular_Mask_YCoCg >","Global","SF_Pixel","1","505"
"FShader_VirtualTextureCopy_PS< ERuntimeVirtualTextureMaterialType::BaseColor_Normal_Specular_YCoCg >","Global","SF_Pixel","1","509"
"FShader_VirtualTextureCopy_PS< ERuntimeVirtualTextureMaterialType::Mask4 >","Global","SF_Pixel","1","347"
"FShader_VirtualTextureCopy_PS< ERuntimeVirtualTextureMaterialType::WorldHeight >","Global","SF_Pixel","1","289"
"FShader_VirtualTextureCopy_VS","Global","SF_Vertex","1","376"
"FShadowObjectCullPS","Global","SF_Pixel","6","10500"
"FShadowObjectCullVS","Global","SF_Vertex","2","1620"
"FShadowProjectionNoTransformVS","Global","SF_Vertex","1","195"
"FShadowProjectionPS1falsefalsefalse","Global","SF_Pixel","1","1510"
"FShadowProjectionPS1falsefalsetrue","Global","SF_Pixel","1","803"
"FShadowProjectionPS1falsetruefalse","Global","SF_Pixel","1","2556"
"FShadowProjectionPS1truefalsefalse","Global","SF_Pixel","1","1566"
"FShadowProjectionPS1truetruefalse","Global","SF_Pixel","1","2587"
"FShadowProjectionPS2falsefalsefalse","Global","SF_Pixel","1","1749"
"FShadowProjectionPS2falsefalsetrue","Global","SF_Pixel","1","924"
"FShadowProjectionPS2falsetruefalse","Global","SF_Pixel","1","2829"
"FShadowProjectionPS2truefalsefalse","Global","SF_Pixel","1","1772"
"FShadowProjectionPS2truetruefalse","Global","SF_Pixel","1","2856"
"FShadowProjectionPS3falsefalsefalse","Global","SF_Pixel","1","2023"
"FShadowProjectionPS3falsefalsetrue","Global","SF_Pixel","1","1095"
"FShadowProjectionPS3falsetruefalse","Global","SF_Pixel","1","3133"
"FShadowProjectionPS3truefalsefalse","Global","SF_Pixel","1","2081"
"FShadowProjectionPS3truetruefalse","Global","SF_Pixel","1","3179"
"FShadowProjectionPS4falsefalsefalse","Global","SF_Pixel","1","2353"
"FShadowProjectionPS4falsefalsetrue","Global","SF_Pixel","1","1180"
"FShadowProjectionPS4falsetruefalse","Global","SF_Pixel","1","3280"
"FShadowProjectionPS4truefalsefalse","Global","SF_Pixel","1","2412"
"FShadowProjectionPS4truetruefalse","Global","SF_Pixel","1","3305"
"FShadowProjectionPS5falsefalsefalse","Global","SF_Pixel","1","2353"
"FShadowProjectionPS5falsefalsetrue","Global","SF_Pixel","1","1180"
"FShadowProjectionPS5falsetruefalse","Global","SF_Pixel","1","3280"
"FShadowProjectionPS5truefalsefalse","Global","SF_Pixel","1","2412"
"FShadowProjectionPS5truetruefalse","Global","SF_Pixel","1","3305"
"FShadowTileVS","Global","SF_Vertex","2","1094"
"FShadowVolumeBoundProjectionVS","Global","SF_Vertex","1","417"
"FSimpleElementAlphaOnlyPS","Global","SF_Pixel","1","356"
"FSimpleElementColorChannelMaskPS","Global","SF_Pixel","1","461"
"FSimpleElementDistanceFieldGammaPS","Global","SF_Pixel","1","1135"
"FSimpleElementGammaAlphaOnlyPS","Global","SF_Pixel","1","564"
"FSimpleElementGammaPS_Linear","Global","SF_Pixel","1","635"
"FSimpleElementGammaPS_SRGB","Global","SF_Pixel","1","635"
"FSimpleElementHitProxyPS","Global","SF_Pixel","1","333"
"FSimpleElementMaskedGammaPS_Linear","Global","SF_Pixel","1","660"
"FSimpleElementMaskedGammaPS_SRGB","Global","SF_Pixel","1","660"
"FSimpleElementNormalMapPS","Global","SF_Pixel","1","402"
"FSimpleElementPS","Global","SF_Pixel","1","477"
"FSimpleElementTexture2DPreviewPS","Global","SF_Pixel","3","3986"
"FSimpleElementVS","Global","SF_Vertex","1","517"
"FSimpleLightTranslucentLightingInjectPS","Global","SF_Pixel","1","939"
"FSimulationShaderDefaultCS","Global","SF_Compute","1","14623"
"FSingleLayerWaterCompositePS","Global","SF_Pixel","4","11407"
"FSingleLayerWaterRefractionCullingPS","Global","SF_Pixel","2","823"
"FSingleLayerWaterRefractionMaskPS","Global","SF_Pixel","1","1151"
"FSkinUpdateCS","Global","SF_Compute","18","25633"
"FSkinnedMeshDrawLinePS","Global","SF_Pixel","1","176"
"FSkinnedMeshDrawLineVS","Global","SF_Vertex","1","2289"
"FSlateDebugBatchingPS","Global","SF_Pixel","1","280"
"FSlateDebugOverdrawPS","Global","SF_Pixel","1","269"
"FSlateElementVS","Global","SF_Vertex","1","657"
"FSlateMaskingPS","Global","SF_Pixel","1","182"
"FSlateMaskingVS","Global","SF_Vertex","1","359"
"FSlatePostProcessBlurPS","Global","SF_Pixel","1","782"
"FSlatePostProcessColorDeficiencyPS","Global","SF_Pixel","1","2004"
"FSlatePostProcessDirectResamplePS","Global","SF_Pixel","1","309"
"FSlatePostProcessOptimizedKawaseUpsamplePS","Global","SF_Pixel","1","577"
"FSlatePostProcessResample2x2PS","Global","SF_Pixel","1","494"
"FSlatePostProcessUpsamplePS","Global","SF_Pixel","3","2878"
"FSparseVolumeTextureUpdateFromSparseBufferCS","Global","SF_Compute","3","2914"
"FSparseVolumeTextureUpdatePageTableCS","Global","SF_Compute","1","414"
"FSpecularProfileConvolveCS","Global","SF_Compute","4","5203"
"FSpecularProfileCopyCS","Global","SF_Compute","4","1815"
"FSplineMeshTextureFillCS","Global","SF_Compute","1","2022"
"FStereoLayerPS","Global","SF_Pixel","1","314"
"FStereoLayerPS_External","Global","SF_Pixel","1","314"
"FStereoLayerVS","Global","SF_Vertex","1","443"
"FSubstrateDBufferPassPS","Global","SF_Pixel","1","465"
"FSubstrateMaterialStencilTaggingPassPS","Global","SF_Pixel","1","431"
"FSubstrateMaterialTileClassificationPassCS","Global","SF_Compute","2","2190"
"FSubstrateMaterialTilePrepareArgsPassCS","Global","SF_Compute","1","350"
"FSubstrateSystemInfoCS","Global","SF_Compute","1","927"
"FSubstrateTilePassVS","Global","SF_Vertex","8","5375"
"FSubsurfaceBuildIndirectDispatchArgsCS","Global","SF_Compute","1","529"
"FSubsurfaceDiffuseInitPassPS","Global","SF_Pixel","1","189"
"FSubsurfaceIndirectDispatchCS","Global","SF_Compute","35","89266"
"FSubsurfaceIndirectDispatchSetupCS","Global","SF_Compute","39","62139"
"FSubsurfaceInitValueBufferCS","Global","SF_Compute","1","242"
"FSubsurfaceRecombineCopyPS","Global","SF_Pixel","1","254"
"FSubsurfaceRecombinePS","Global","SF_Pixel","9","10565"
"FSubsurfaceSRVResolvePS","Global","SF_Pixel","1","229"
"FSubsurfaceTileBuildIndirectDispatchArgsCS","Global","SF_Compute","1","493"
"FSubsurfaceTileFallbackScreenPassVS","Global","SF_Vertex","1","439"
"FSubsurfaceTilePassVS","Global","SF_Vertex","1","596"
"FSubsurfaceViewportCopyPS","Global","SF_Pixel","1","229"
"FSubsurfaceVisualizePS","Global","SF_Pixel","1","1613"
"FTSRClearPrevTexturesCS","Global","SF_Compute","1","612"
"FTSRDecimateHistoryCS","Global","SF_Compute","16","80908"
"FTSRDetectThinGeometryCS","Global","SF_Compute","6","16932"
"FTSRDilateVelocityCS","Global","SF_Compute","6","47312"
"FTSRMeasureFlickeringLumaCS","Global","SF_Compute","1","851"
"FTSRMeasureThinGeometryCoverageCS","Global","SF_Compute","3","2689"
"FTSRRejectShadingCS","Global","SF_Compute","12","83900"
"FTSRResolveHistoryCS","Global","SF_Compute","2","2986"
"FTSRSpatialAntiAliasingCS","Global","SF_Compute","2","5247"
"FTSRUpdateHistoryCS","Global","SF_Compute","6","35021"
"FTSRVisualizeCS","Global","SF_Compute","1","4052"
"FTSRWeightRelaxationCS","Global","SF_Compute","2","2009"
"FTemporalAACS","Global","SF_Compute","63","199497"
"FTemporalUpsampleDepthPS","Global","SF_Pixel","1","1377"
"FTestImagePS","Global","SF_Pixel","1","2246"
"FTmvStructuredBufferSwizzlePS","Global","SF_Pixel","24","37442"
"FTmvSwizzleVS","Global","SF_Vertex","1","461"
"FTmvTextureBufferSwizzlePS","Global","SF_Pixel","4","4362"
"FTmvTextureYuvConverterPS","Global","SF_Pixel","1","1142"
"FTonemapCS","Global","SF_Compute","110","248103"
"FTonemapPS","Global","SF_Pixel","110","237210"
"FTonemapVS","Global","SF_Vertex","1","725"
"FToonProfileUpdateAtlasTileCS","Global","SF_Compute","1","945"
"FTopLevelCreateBitmaskCS","Global","SF_Compute","1","810"
"FTopLevelGridCalculateVoxelSize","Global","SF_Compute","1","1666"
"FTransferVelocityPassCS","Global","SF_Compute","1","341"
"FTranslucencyUpsampleResponsiveAAPS","Global","SF_Pixel","1","410"
"FTranslucentLightingInjectBatchCS","Global","SF_Compute","8","25267"
"FUYVYConvertPS","Global","SF_Pixel","1","714"
"FUpdateHistoryDepthRejectionPS","Global","SF_Pixel","1","1958"
"FUpdateSampleCoverageCS","Global","SF_Compute","1","676"
"FUpdateTexture2DSubresourceCS_Float","Global","SF_Compute","1","343"
"FUpdateTexture2DSubresourceCS_Int32","Global","SF_Compute","1","343"
"FUpdateTexture2DSubresourceCS_Uint32","Global","SF_Compute","1","343"
"FUpdateTexture3DSubresourceCS","Global","SF_Compute","1","428"
"FUploadHeightFieldToAtlasCS","Global","SF_Compute","1","383"
"FUploadVisibilityToAtlasCS","Global","SF_Compute","1","401"
"FUpsampleHalfResTexturePS","Global","SF_Pixel","2","1683"
"FUpscaleCS","Global","SF_Compute","120","201761"
"FUpscalePS","Global","SF_Pixel","16","13208"
"FUpscaleVS","Global","SF_Vertex","1","561"
"FVYUConvertPS","Global","SF_Pixel","1","1225"
"FViewDepthCopyCS","Global","SF_Compute","1","271"
"FVirtualVoxelGenerateMipCS","Global","SF_Compute","2","4025"
"FVirtualVoxelIndirectArgMipCS","Global","SF_Compute","1","385"
"FVirtualVoxelInjectOpaqueCS","Global","SF_Compute","1","1483"
"FVisiblityRasterClassificationCS","Global","SF_Compute","2","1498"
"FVisiblityRasterComputeBinningCS","Global","SF_Compute","3","8401"
"FVisiblityRasterComputeCompactionCS","Global","SF_Compute","1","1046"
"FVisiblityRasterComputeDebugCS","Global","SF_Compute","1","3850"
"FVisiblityRasterComputeNaiveCS","Global","SF_Compute","3","7006"
"FVisiblityRasterComputePrepareDepthGridCS","Global","SF_Compute","1","584"
"FVisiblityRasterComputeRasterizeCS","Global","SF_Compute","1","3146"
"FVisiblityRasterComputeRasterizeMultiSampleCS","Global","SF_Compute","4","22577"
"FVisiblityRasterHWPS","Global","SF_Pixel","1","500"
"FVisiblityRasterHWVS","Global","SF_Vertex","3","4086"
"FVisualizeBufferPS","Global","SF_Pixel","1","661"
"FVisualizeCascadesCS","Global","SF_Compute","1","845"
"FVisualizeComplexityApplyPS","Global","SF_Pixel","2","5357"
"FVisualizeDOFPS","Global","SF_Pixel","1","742"
"FVisualizeDistanceFieldUpsamplePS","Global","SF_Pixel","1","263"
"FVisualizeGBufferHintsPS","Global","SF_Pixel","1","2617"
"FVisualizeHDRPS","Global","SF_Pixel","1","15481"
"FVisualizeLevelInstancePS","Global","SF_Pixel","4","5335"
"FVisualizeLightShapePS","Global","SF_Pixel","1","991"
"FVisualizeLightShapeVS","Global","SF_Vertex","3","2835"
"FVisualizeLocalExposurePS","Global","SF_Pixel","2","2976"
"FVisualizeMaterialCountPS","Global","SF_Pixel","1","5458"
"FVisualizeMeshDistanceFieldCS","Global","SF_Compute","9","35436"
"FVisualizeMotionVectorsPS","Global","SF_Pixel","1","1129"
"FVisualizeNanitePS","Global","SF_Pixel","1","661"
"FVisualizeShadingModelPS","Global","SF_Pixel","1","1113"
"FVisualizeTexturePS","Global","SF_Pixel","8","7368"
"FVisualizeTiledScreenSpaceReflectionsPS","Global","SF_Pixel","10","25577"
"FVisualizeTiledScreenSpaceReflectionsVS","Global","SF_Vertex","1","550"
"FVisualizeTranslucencyVolumePS","Global","SF_Pixel","1","744"
"FVisualizeTranslucencyVolumeVS","Global","SF_Vertex","1","670"
"FVisualizeVirtualTextureApplyPS","Global","SF_Pixel","1","657"
"FVisualizeVolumetricLightmapPS","Global","SF_Pixel","1","1290"
"FVisualizeVolumetricLightmapVS","Global","SF_Vertex","1","1211"
"FVolumeTextureTilePreviewPS","Global","SF_Pixel","1","873"
"FVolumeTextureTracePreviewPS","Global","SF_Pixel","1","1434"
"FVolumetricFogFinalIntegrationCS","Global","SF_Compute","1","958"
"FVolumetricFogLightScatteringCS","Global","SF_Compute","37","246002"
"FVolumetricFogMaterialSetupCS","Global","SF_Compute","4","8302"
"FVoxelAdaptiveFeedbackCS","Global","SF_Compute","1","540"
"FVoxelAddIndirectBufferCS","Global","SF_Compute","1","560"
"FVoxelAddNodeDescCS","Global","SF_Compute","2","1058"
"FVoxelAllocatePageIndexCS","Global","SF_Compute","1","1426"
"FVoxelAllocateVoxelPageCS","Global","SF_Compute","2","1421"
"FVoxelIndPageClearCS","Global","SF_Compute","1","444"
"FVoxelMarkValidPageIndex_PrepareCS","Global","SF_Compute","2","2082"
"FVoxelRasterComputeCS","Global","SF_Compute","2","3294"
"FWaterInfoFinalizePS","Global","SF_Pixel","1","660"
"FWaterInfoMergePS","Global","SF_Pixel","1","727"
"FWaterInfoTextureBlurPS","Global","SF_Pixel","1","629"
"FWaterInfoTextureMergePS","Global","SF_Pixel","1","926"
"FWaterQuadTreeBucketCountsCS","Global","SF_Compute","2","1493"
"FWaterQuadTreeBucketPrefixSumCS","Global","SF_Compute","2","1433"
"FWaterQuadTreeBuildPS","Global","SF_Pixel","1","989"
"FWaterQuadTreeClearPerViewBuffersCS","Global","SF_Compute","1","332"
"FWaterQuadTreeGenerateInstanceDataCS","Global","SF_Compute","2","3130"
"FWaterQuadTreeInitializeIndirectArgsCS","Global","SF_Compute","2","1020"
"FWaterQuadTreeMergePS","Global","SF_Pixel","4","3853"
"FWaterQuadTreeOcclusionQueryPS","Global","SF_Pixel","1","233"
"FWaterQuadTreeOcclusionQueryVS","Global","SF_Vertex","1","532"
"FWaterQuadTreePS","Global","SF_Pixel","2","1074"
"FWaterQuadTreeTraverseCS","Global","SF_Compute","2","6711"
"FWaterQuadTreeVS","Global","SF_Vertex","3","1653"
"FWaterRefractionCopyPS","Global","SF_Pixel","6","2127"
"FWaterTileCategorisationMarkCS","Global","SF_Compute","2","1450"
"FWaterTileClassificationBuildListsCS","Global","SF_Compute","6","6222"
"FWaterTileVS","Global","SF_Vertex","1","550"
"FWholeSceneDirectionalShadowStencilVS","Global","SF_Vertex","1","419"
"FWideCustomResolve0_1x_falsePS","Global","SF_Pixel","1","312"
"FWideCustomResolve0_1x_truePS","Global","SF_Pixel","1","312"
"FWideCustomResolve2_0x_falsePS","Global","SF_Pixel","1","407"
"FWideCustomResolve2_0x_truePS","Global","SF_Pixel","1","407"
"FWideCustomResolve2_1x_falsePS","Global","SF_Pixel","1","656"
"FWideCustomResolve2_1x_truePS","Global","SF_Pixel","1","656"
"FWideCustomResolve2_2x_falsePS","Global","SF_Pixel","1","720"
"FWideCustomResolve2_2x_truePS","Global","SF_Pixel","1","720"
"FWideCustomResolve2_3x_falsePS","Global","SF_Pixel","1","719"
"FWideCustomResolve2_3x_truePS","Global","SF_Pixel","1","719"
"FWideCustomResolve4_0x_falsePS","Global","SF_Pixel","1","407"
"FWideCustomResolve4_0x_truePS","Global","SF_Pixel","1","407"
"FWideCustomResolve4_1x_falsePS","Global","SF_Pixel","1","806"
"FWideCustomResolve4_1x_truePS","Global","SF_Pixel","1","806"
"FWideCustomResolve4_2x_falsePS","Global","SF_Pixel","1","984"
"FWideCustomResolve4_2x_truePS","Global","SF_Pixel","1","984"
"FWideCustomResolve4_3x_falsePS","Global","SF_Pixel","1","1096"
"FWideCustomResolve4_3x_truePS","Global","SF_Pixel","1","1096"
"FWideCustomResolve8_0x_falsePS","Global","SF_Pixel","1","407"
"FWideCustomResolve8_0x_truePS","Global","SF_Pixel","1","407"
"FWideCustomResolve8_1x_falsePS","Global","SF_Pixel","1","1222"
"FWideCustomResolve8_1x_truePS","Global","SF_Pixel","1","1222"
"FWideCustomResolve8_2x_falsePS","Global","SF_Pixel","1","1370"
"FWideCustomResolve8_2x_truePS","Global","SF_Pixel","1","1370"
"FWideCustomResolve8_3x_falsePS","Global","SF_Pixel","1","1470"
"FWideCustomResolve8_3x_truePS","Global","SF_Pixel","1","1470"
"FWideCustomResolveVS","Global","SF_Vertex","1","290"
"FWriteToBoundingSphereVS","Global","SF_Vertex","1","619"
"FWriteToSliceGS","Global","SF_Geometry","1","407"
"FWriteToSliceVS","Global","SF_Vertex","1","358"
"FYCbCrConvertPS","Global","SF_Pixel","1","612"
"FYCbCrConvertPS_4x4Matrix","Global","SF_Pixel","1","573"
"FYCoCgConvertPS","Global","SF_Pixel","1","1328"
"FYUVConvertPS","Global","SF_Pixel","1","656"
"FYUVScaledConvertPS","Global","SF_Pixel","1","668"
"FYUVY416ConvertPS","Global","SF_Pixel","1","1256"
"FYUVv210ConvertPS","Global","SF_Pixel","1","1589"
"FYUVv216ConvertPS","Global","SF_Pixel","1","1403"
"FYUY2ConvertPS","Global","SF_Pixel","1","738"
"FYVYUConvertPS","Global","SF_Pixel","1","716"
"NiagaraComputeFreeIDsCS","Global","SF_Compute","1","824"
"NiagaraFillIntBufferCS","Global","SF_Compute","1","239"
"PCGDilate::FPCGDilatePS","Global","SF_Pixel","1","734"
"PCGUnwrapMesh::FPCGUnwrapMeshPS","Global","SF_Pixel","2","369"
"PCGUnwrapMesh::FPCGUnwrapMeshVS","Global","SF_Vertex","1","287"
"RenderSkyAtmosphereEditorHudPS","Global","SF_Pixel","1","5635"
"TCopyDataCS<1>","Global","SF_Compute","1","211"
"TCopyDataCS<2>","Global","SF_Compute","1","291"
"TDirectionalPercentageCloserShadowProjectionPS5false","Global","SF_Pixel","1","3738"
"TDirectionalPercentageCloserShadowProjectionPS5true","Global","SF_Pixel","1","3707"
"TMeshPaintDilatePixelShader","Global","SF_Pixel","1","1173"
"TMeshPaintDilateVertexShader","Global","SF_Vertex","1","389"
"TMeshPaintPixelShader","Global","SF_Pixel","5","4117"
"TMeshPaintVertexShader","Global","SF_Vertex","1","389"
"TOneColorPixelShaderMRT","Global","SF_Pixel","43","12329"
"TOneColorVSfalsefalse","Global","SF_Vertex","1","382"
"TOneColorVSfalsetrue","Global","SF_Vertex","1","382"
"TOneColorVStruefalse","Global","SF_Vertex","1","237"
"TOneColorVStruetrue","Global","SF_Vertex","1","237"
"TPageTableUpdatePS<PF_R16G16B16A16_UINT>","Global","SF_Pixel","1","176"
"TPageTableUpdatePS<PF_R16G16_UINT>","Global","SF_Pixel","1","178"
"TPageTableUpdatePS<PF_R16_UINT>","Global","SF_Pixel","1","178"
"TPageTableUpdatePS<PF_R32G32B32A32_UINT>","Global","SF_Pixel","1","176"
"TPageTableUpdatePS<PF_R32G32_UINT>","Global","SF_Pixel","1","178"
"TPageTableUpdatePS<PF_R32_UINT>","Global","SF_Pixel","1","178"
"TPageTableUpdateVS<false>","Global","SF_Vertex","1","812"
"TPageTableUpdateVS<true>","Global","SF_Vertex","1","811"
"TParticleInjectionPS<false>","Global","SF_Pixel","1","266"
"TParticleInjectionPS<true>","Global","SF_Pixel","1","250"
"TParticleSimulationPS<PCM_DepthBuffer>","Global","SF_Pixel","1","2628"
"TParticleSimulationPS<PCM_DistanceField>","Global","SF_Pixel","1","3088"
"TParticleSimulationPS<PCM_None>","Global","SF_Pixel","1","1500"
"TPrefilterPlanarReflectionPS<false>","Global","SF_Pixel","1","402"
"TPrefilterPlanarReflectionPS<true>","Global","SF_Pixel","1","1530"
"TScreenVSForGS<false>","Global","SF_Vertex","1","441"
"TScreenVSForGS<true>","Global","SF_Vertex","1","529"
"TShadowProjectionFromTranslucencyPS<1>","Global","SF_Pixel","1","984"
"TShadowProjectionFromTranslucencyPS<2>","Global","SF_Pixel","1","984"
"TShadowProjectionFromTranslucencyPS<3>","Global","SF_Pixel","1","984"
"TShadowProjectionFromTranslucencyPS<4>","Global","SF_Pixel","1","984"
"TShadowProjectionFromTranslucencyPS<5>","Global","SF_Pixel","1","984"
"TSlateElementPSBorderfalsefalsefalsefalseA","Global","SF_Pixel","1","836"
"TSlateElementPSBorderfalsetruefalsefalseA","Global","SF_Pixel","1","815"
"TSlateElementPSBordertruefalsefalsefalseA","Global","SF_Pixel","1","835"
"TSlateElementPSBordertruetruefalsefalseA","Global","SF_Pixel","1","837"
"TSlateElementPSColorFontfalsetruefalsefalseA","Global","SF_Pixel","1","666"
"TSlateElementPSColorFonttruetruefalsefalseA","Global","SF_Pixel","1","680"
"TSlateElementPSDefaultfalsefalsefalsefalseA","Global","SF_Pixel","1","679"
"TSlateElementPSDefaultfalsefalsefalsetrueA","Global","SF_Pixel","1","1800"
"TSlateElementPSDefaultfalsefalsetruefalseA","Global","SF_Pixel","1","684"
"TSlateElementPSDefaultfalsefalsetruetrueA","Global","SF_Pixel","1","1765"
"TSlateElementPSDefaultfalsetruefalsefalseA","Global","SF_Pixel","1","671"
"TSlateElementPSDefaultfalsetruefalsetrueA","Global","SF_Pixel","1","1792"
"TSlateElementPSDefaultfalsetruetruefalseA","Global","SF_Pixel","1","683"
"TSlateElementPSDefaultfalsetruetruetrueA","Global","SF_Pixel","1","1762"
"TSlateElementPSDefaulttruefalsefalsefalseA","Global","SF_Pixel","1","675"
"TSlateElementPSDefaulttruefalsefalsetrueA","Global","SF_Pixel","1","1795"
"TSlateElementPSDefaulttruefalsetruefalseA","Global","SF_Pixel","1","691"
"TSlateElementPSDefaulttruefalsetruetrueA","Global","SF_Pixel","1","1775"
"TSlateElementPSDefaulttruetruefalsefalseA","Global","SF_Pixel","1","685"
"TSlateElementPSDefaulttruetruefalsetrueA","Global","SF_Pixel","1","1802"
"TSlateElementPSDefaulttruetruetruefalseA","Global","SF_Pixel","1","694"
"TSlateElementPSDefaulttruetruetruetrueA","Global","SF_Pixel","1","1772"
"TSlateElementPSGrayscaleFontfalsetruefalsefalseA","Global","SF_Pixel","1","669"
"TSlateElementPSGrayscaleFonttruetruefalsefalseA","Global","SF_Pixel","1","680"
"TSlateElementPSLineSegmentfalsetruefalsefalseA","Global","SF_Pixel","1","833"
"TSlateElementPSLineSegmenttruetruefalsefalseA","Global","SF_Pixel","1","841"
"TSlateElementPSMsdfFontfalsetruefalsefalseA","Global","SF_Pixel","1","785"
"TSlateElementPSMsdfFonttruetruefalsefalseA","Global","SF_Pixel","1","791"
"TSlateElementPSRoundedBoxfalsetruefalsefalseA","Global","SF_Pixel","1","1200"
"TSlateElementPSRoundedBoxtruetruefalsefalseA","Global","SF_Pixel","1","1217"
"TSlateElementPSSdfFontfalsetruefalsefalseA","Global","SF_Pixel","1","756"
"TSlateElementPSSdfFonttruetruefalsefalseA","Global","SF_Pixel","1","768"
"TSpotPercentageCloserShadowProjectionPS5false","Global","SF_Pixel","1","3816"
"TSpotPercentageCloserShadowProjectionPS5true","Global","SF_Pixel","1","3883"
"FDeferredDecalAmbientOcclusionPS","Material","SF_Pixel","1","685"
"FDeferredDecalEmissivePS","Material","SF_Pixel","1","732"
"FDeferredDecalPS","Material","SF_Pixel","1","702"
"FLightFunctionAtlasSlotPS","Material","SF_Pixel","2","869"
"FLightFunctionPS","Material","SF_Pixel","2","2217"
"FLightFunctionVS","Material","SF_Vertex","1","353"
"FPostProcessMaterialPS","Material","SF_Pixel","4","3142"
"FPostProcessMaterialVS","Material","SF_Vertex","2","732"
"FTranslucentLightingInjectPS","Material","SF_Pixel","32","149440"
"FVolumetricFogLightFunctionPS","Material","SF_Pixel","8","7842"
"FAnisotropyPS","MeshMaterial","SF_Pixel","4","7635"
"FAnisotropyVS","MeshMaterial","SF_Vertex","4","9772"
"FDeepShadowDepthMeshPS","MeshMaterial","SF_Pixel","1","205"
"FDeepShadowDepthMeshVS","MeshMaterial","SF_Vertex","1","1751"
"FDeepShadowDomMeshPS","MeshMaterial","SF_Pixel","1","467"
"FDeepShadowDomMeshVS","MeshMaterial","SF_Vertex","1","1977"
"FDepthOnlyPS","MeshMaterial","SF_Pixel","19","11940"
"FHairMaterialPS","MeshMaterial","SF_Pixel","2","8355"
"FHairMaterialVS","MeshMaterial","SF_Vertex","1","916"
"FHairVisibilityPS<HairVisibilityRenderMode_MSAA_Visibility>","MeshMaterial","SF_Pixel","1","280"
"FHairVisibilityPS<HairVisibilityRenderMode_PPLL>","MeshMaterial","SF_Pixel","1","849"
"FHairVisibilityPS<HairVisibilityRenderMode_Transmittance>","MeshMaterial","SF_Pixel","1","627"
"FHairVisibilityPS<HairVisibilityRenderMode_TransmittanceAndHairCount>","MeshMaterial","SF_Pixel","1","655"
"FHitProxyPS","MeshMaterial","SF_Pixel","41","22774"
"FHitProxyVS","MeshMaterial","SF_Vertex","47","132653"
"FLandscapePhysicalMaterialPS","MeshMaterial","SF_Pixel","1","259"
"FLandscapePhysicalMaterialVS","MeshMaterial","SF_Vertex","1","2089"
"FLumenTranslucencyRadianceCacheMarkPS","MeshMaterial","SF_Pixel","8","17470"
"FLumenTranslucencyRadianceCacheMarkVS","MeshMaterial","SF_Vertex","17","42932"
"FMeshDecalsAmbientOcclusionPS","MeshMaterial","SF_Pixel","1","338"
"FMeshDecalsEmissivePS","MeshMaterial","SF_Pixel","1","526"
"FMeshDecalsPS","MeshMaterial","SF_Pixel","1","401"
"FMeshDecalsVS","MeshMaterial","SF_Vertex","3","8241"
"TBasePassPSFNoLightMapPolicy","MeshMaterial","SF_Pixel","124","427860"
"TBasePassPSFSelfShadowedTranslucencyPolicy","MeshMaterial","SF_Pixel","11","127024"
"TBasePassVSFNoLightMapPolicy","MeshMaterial","SF_Vertex","70","210910"
"TBasePassVSFSelfShadowedTranslucencyPolicy","MeshMaterial","SF_Vertex","7","30532"
"TDepthOnlyVS<false>","MeshMaterial","SF_Vertex","41","93562"
"TDepthOnlyVS<true>","MeshMaterial","SF_Vertex","4","7549"
"THairVisiblityVS_MSAAVisibility_Culling","MeshMaterial","SF_Vertex","1","1648"
"THairVisiblityVS_MSAAVisibility_NoCulling","MeshMaterial","SF_Vertex","1","1586"
"THairVisiblityVS_PPLL","MeshMaterial","SF_Vertex","1","2712"
"THairVisiblityVS_Transmittance","MeshMaterial","SF_Vertex","1","2113"
"THairVisiblityVS_TransmittanceAndHairCount","MeshMaterial","SF_Vertex","1","2113"
"TShadowDepthPSCombined","MeshMaterial","SF_Pixel","18","11273"
"TShadowDepthPSOutputDepth","MeshMaterial","SF_Pixel","18","10727"
"TShadowDepthPSPerspectiveCorrect","MeshMaterial","SF_Pixel","18","12977"
"TShadowDepthVSCombined","MeshMaterial","SF_Vertex","41","97361"
"TShadowDepthVSOutputDepth","MeshMaterial","SF_Vertex","41","108802"
"TShadowDepthVSPerspectiveCorrect","MeshMaterial","SF_Vertex","41","100918"
"TShadowDepthVSPositionOnlyCombined","MeshMaterial","SF_Vertex","4","8615"
"TShadowDepthVSPositionOnlyOutputDepth","MeshMaterial","SF_Vertex","4","11382"
"TShadowDepthVSPositionOnlyPerspectiveCorrect","MeshMaterial","SF_Vertex","4","10949"
"TVelocityPS<EVelocityPassMode::Velocity_Standard>","MeshMaterial","SF_Pixel","25","27018"
"TVelocityVS<EVelocityPassMode::Velocity_Standard>","MeshMaterial","SF_Vertex","42","132483"
"TVirtualTexturePSBaseColor","MeshMaterial","SF_Pixel","17","16816"
"TVirtualTexturePSBaseColorNormalRoughness","MeshMaterial","SF_Pixel","17","25408"
"TVirtualTexturePSBaseColorNormalSpecular","MeshMaterial","SF_Pixel","17","23875"
"TVirtualTexturePSDisplacement","MeshMaterial","SF_Pixel","16","6271"
"TVirtualTexturePSMask4","MeshMaterial","SF_Pixel","16","4833"
"TVirtualTexturePSWorldHeight","MeshMaterial","SF_Pixel","16","12251"
"TVirtualTextureVSBaseColor","MeshMaterial","SF_Vertex","28","63885"
"TVirtualTextureVSBaseColorNormalRoughness","MeshMaterial","SF_Vertex","28","63885"
"TVirtualTextureVSBaseColorNormalSpecular","MeshMaterial","SF_Vertex","28","63885"
"TVirtualTextureVSDisplacement","MeshMaterial","SF_Vertex","28","63885"
"TVirtualTextureVSMask4","MeshMaterial","SF_Vertex","28","63885"
"TVirtualTextureVSWorldHeight","MeshMaterial","SF_Vertex","28","63885"
"FComputeKernelShader","ComputeKernel","SF_Compute","49","103216"
