"Path","Platform","Compiled","Cooked","Permutations","Compiletime","CompiledDouble","CookedDouble"
"/Landmass/Landscape/BlueprintBrushes/Materials/Internal/BrushBounds","0","0","4","1","0.000000","0","0"
"/SpeedTreeImporter/SpeedTree9/SpeedTreeMaster","0","0","15","1","0.000000","0","0"
"/SpeedTreeImporter/SpeedTree9/SpeedTreeBillboardMaster","0","0","15","1","0.000000","0","0"
"/Engine/EngineMaterials/Widget3DPassThrough","0","0","4","1","0.000000","0","4"
"/Engine/EngineMaterials/Widget3DPassThrough_Opaque_OneSided","0","0","2","1","0.000000","0","0"
"/Engine/EngineMaterials/Widget3DPassThrough_Masked_OneSided","0","0","15","1","0.000000","0","0"
"/InterchangeAssets/gltf/MaterialInstances/MI_Sheen_Blend","0","0","12","1","0.000000","0","0"
"/Engine/OpenWorldTemplate/LandscapeMaterial/MI_ProcGrid","0","0","2","1","0.000000","0","0"
"/InterchangeAssets/gltf/MaterialInstances/MI_ClearCoat_Blend_DS","0","0","16","1","0.000000","0","0"
"/InterchangeAssets/gltf/MaterialInstances/MI_ClearCoat_Mask_DS","0","0","34","1","0.000000","0","0"
"/InterchangeAssets/gltf/MaterialInstances/MI_Unlit_Mask_DS","0","0","30","1","0.000000","0","0"
"/InterchangeAssets/gltf/MaterialInstances/MI_Unlit_Opaque_DS","0","0","12","1","0.000000","0","0"
"/InterchangeAssets/gltf/MaterialInstances/MI_Sheen_Mask","0","0","30","1","0.000000","0","0"
"/InterchangeAssets/gltf/M_Sheen","0","0","4","1","0.000000","0","0"
"/InterchangeAssets/gltf/MaterialInstances/MI_Default_Blend_DS","0","0","16","1","0.000000","0","0"
"/InterchangeAssets/gltf/MaterialInstances/MI_Default_Mask_DS","0","0","34","1","0.000000","0","0"
"/InterchangeAssets/gltf/MaterialInstances/MI_Default_Opaque_DS","0","0","16","1","0.000000","0","0"
"/InterchangeAssets/gltf/MaterialInstances/MI_Default_Blend","0","0","12","1","0.000000","0","0"
"/InterchangeAssets/gltf/MaterialInstances/MI_Default_Mask","0","0","34","1","0.000000","0","0"
"/InterchangeAssets/gltf/M_Default","0","0","8","1","0.000000","0","0"
"/InterchangeAssets/gltf/MaterialInstances/MI_ClearCoat_Opaque_DS","0","0","16","1","0.000000","0","0"
"/InterchangeAssets/gltf/MaterialInstances/MI_ClearCoat_Blend","0","0","12","1","0.000000","0","0"
"/InterchangeAssets/gltf/MaterialInstances/MI_ClearCoat_Mask","0","0","34","1","0.000000","0","0"
"/InterchangeAssets/gltf/M_ClearCoat","0","0","8","1","0.000000","0","0"
"/InterchangeAssets/gltf/MaterialInstances/MI_Sheen_Blend_DS","0","0","16","1","0.000000","0","0"
"/InterchangeAssets/gltf/MaterialInstances/MI_Sheen_Mask_DS","0","0","30","1","0.000000","0","0"
"/InterchangeAssets/gltf/MaterialInstances/MI_Sheen_Opaque_DS","0","0","12","1","0.000000","0","0"
"/InterchangeAssets/gltf/MaterialInstances/MI_Unlit_Blend_DS","0","0","12","1","0.000000","0","0"
"/InterchangeAssets/gltf/MaterialInstances/MI_Unlit_Blend","0","0","8","1","0.000000","0","0"
"/InterchangeAssets/gltf/M_Transmission","0","0","12","1","0.000000","0","0"
"/InterchangeAssets/gltf/MaterialInstances/MI_Unlit_Mask","0","0","30","1","0.000000","0","0"
"/InterchangeAssets/gltf/M_Unlit","0","0","4","1","0.000000","0","0"
"/InterchangeAssets/gltf/MaterialInstances/MI_SpecularGlossiness_Blend_DS","0","0","16","1","0.000000","0","0"
"/InterchangeAssets/gltf/MaterialInstances/MI_SpecularGlossiness_Mask_DS","0","0","30","1","0.000000","0","0"
"/InterchangeAssets/gltf/MaterialInstances/MI_SpecularGlossiness_Opaque_DS","0","0","12","1","0.000000","0","0"
"/InterchangeAssets/gltf/MaterialInstances/MI_SpecularGlossiness_Blend","0","0","12","1","0.000000","0","0"
"/InterchangeAssets/gltf/MaterialInstances/MI_SpecularGlossiness_Mask","0","0","30","1","0.000000","0","0"
"/InterchangeAssets/gltf/M_SpecularGlossiness","0","0","4","1","0.000000","0","0"
"/InterchangeAssets/gltf/MaterialInstances/MI_Transmission_DS","0","0","16","1","0.000000","0","0"
"/Engine/EditorLandscapeResources/LandscapeLayerUsageMaterial","0","0","2","1","0.000000","0","0"
"/Engine/OpenWorldTemplate/LandscapeMaterial/M_ProcGrid","0","0","2","1","0.000000","0","0"
"/Engine/EditorMaterials/Dataflow/DataflowSelection","0","0","22","1","0.000000","0","0"
"/Engine/EngineMaterials/Widget3DPassThrough_Translucent","0","0","6","1","0.000000","0","0"
"/Engine/EngineMaterials/Widget3DPassThrough_Opaque","0","0","6","1","0.000000","0","0"
"/Engine/EngineMaterials/Widget3DPassThrough_Masked","0","0","15","1","0.000000","0","0"
"/Game/Casse_Brique/Material_librairy/MI_Brique_break","0","0","4","1","0.000000","0","0"
"/Game/Casse_Brique/Material_librairy/Mi_wall1","0","0","2","1","0.000000","0","2"
"/Landmass/Landscape/BlueprintBrushes/Materials/Sprite/M_BrushSprite_01","0","0","15","1","0.000000","0","0"
"/Game/Casse_Brique/Material_librairy/MI_fake_wall","0","0","6","1","0.000000","0","0"
"/Game/Casse_Brique/Material_librairy/M_invisible","0","0","4","1","0.000000","0","0"
"/MeshModelingToolsetExp/Materials/PointSetOverlaidComponentMaterial","0","0","8","1","0.000000","0","0"
"/MeshModelingToolsetExp/Materials/LineSetOverlaidComponentMaterial","0","0","8","1","0.000000","0","0"
"/Paper2D/TranslucentUnlitSpriteMaterial","0","0","12","1","0.000000","0","0"
"/InterchangeAssets/gltf/Substrate/M_GLTF","0","0","2","1","0.000000","0","0"
"/Engine/EditorLandscapeResources/MaskBrushMaterial","0","0","4","1","0.000000","0","4"
"/Engine/VREditor/SnapGrid/SnapGridMaterial","0","0","12","1","0.000000","0","0"
"/Paper2D/OpaqueUnlitSpriteMaterial","0","0","12","1","0.000000","0","0"
"/Engine/EditorLandscapeResources/SelectBrushMaterial_SelectedRegion","0","0","4","1","0.000000","0","0"
"/HairStrands/Materials/HairDebugMaterial","0","0","60","1","0.000000","0","0"
"/Engine/EditorMaterials/PreviewShadowIndicatorMaterial","0","0","25","1","0.000000","0","0"
"/Engine/EngineMaterials/DefaultTextMaterialOpaque","0","0","15","1","0.000000","0","0"
"/Engine/EngineMaterials/DefaultMaterial","0","0","14","1","0.000000","0","0"
"/Engine/EngineMaterials/DefaultDeferredDecalMaterial","0","0","69","1","0.000000","0","0"
"/Engine/EngineMaterials/DefaultPostProcessMaterial","0","0","31","1","0.000000","0","0"
"/Game/Casse_Brique/Material_librairy/M_block","0","0","2","1","0.000000","0","0"
"/Engine/EngineDebugMaterials/M_VolumeRenderSphereTracePP","0","0","5","1","0.000000","0","0"
"/Engine/EngineMaterials/FlattenMaterial","0","0","6","1","0.000000","0","0"
"/Engine/EngineMaterials/FlattenMaterial_VT","0","0","4","1","0.000000","0","0"
"/ControlRig/M_Manip","0","0","8","1","0.000000","0","0"
"/Engine/EngineMaterials/PhAT_JointLimitMaterial","0","0","8","1","0.000000","0","0"
"/Engine/EditorMaterials/Dataflow/M_Dataflow_CheckerBoard","0","0","2","1","0.000000","0","0"
"/Engine/EngineMaterials/WorldGridMaterial","0","0","659","1","0.000000","0","0"
"/Engine/VREditor/TransformGizmo/TransformGizmoMaterial","0","0","2","1","0.000000","0","0"
"/Paper2D/DefaultSpriteMaterial","0","0","30","1","0.000000","0","0"
"/Engine/EditorLandscapeResources/LayerVisMaterial","0","0","2","1","0.000000","0","0"
"/Engine/EditorLandscapeResources/SelectBrushMaterial","0","0","4","1","0.000000","0","0"
"/Engine/EditorLandscapeResources/ColorMaskBrushMaterial","0","0","4","1","0.000000","0","0"
"/Engine/EditorLandscapeResources/LandscapeDirtyMaterial","0","0","4","1","0.000000","0","0"
"/Engine/EngineMaterials/EmissiveMeshMaterial","0","0","12","1","0.000000","0","0"
"/Engine/EngineMaterials/M_InvalidLightmapSettings","0","0","2","1","0.000000","0","0"
"/Engine/EngineMaterials/FlattenMaterial_WS_Normal_VT","0","0","4","1","0.000000","0","0"
"/Engine/VREditor/TransformGizmo/TranslucentTransformGizmoMaterial","0","0","4","1","0.000000","0","0"
"/Engine/EngineMaterials/DefaultLightFunctionMaterial","0","0","37","1","0.000000","0","0"
"/Engine/EditorMaterials/WidgetVertexColorMaterial","0","0","6","1","0.000000","0","0"
"/Engine/EditorMaterials/Camera/CineMat","0","0","4","1","0.000000","0","0"
"/Engine/EditorLandscapeResources/SplineEditorMeshMat","0","0","12","1","0.000000","0","0"
"/HairStrands/Materials/HairDefaultMaterial","0","0","33","1","0.000000","0","0"
"/HairStrands/Materials/HairCardsDefaultMaterial","0","0","60","1","0.000000","0","0"
"/HairStrands/Materials/HairMeshesDefaultMaterial","0","0","33","1","0.000000","0","0"
"/Engine/VREditor/TransformGizmo/Xray","0","0","2","1","0.000000","0","0"
"/ControlRig/Controls/ControlRigXRayMaterial","0","0","4","1","0.000000","0","0"
"/Engine/EngineDebugMaterials/M_SimpleUnlitTranslucent","0","0","4","1","0.000000","0","0"
"/Engine/VREditor/TransformGizmo/Main","0","0","4","1","0.000000","0","0"
"/Engine/BasicShapes/BasicShapeMaterial","0","0","4","1","0.000000","0","0"
"/Engine/EditorMaterials/Dataflow/DataflowVertexMaterial","0","0","12","1","0.000000","0","0"
"/Engine/EditorMaterials/Dataflow/DataflowTwoSidedVertexMaterial","0","0","18","2","0.000000","0","0"
"/Engine/EngineMaterials/NaniteHiddenSectionMaterial","0","0","13","1","0.000000","0","0"
"/Engine/EngineMaterials/RemoveSurfaceMaterial","0","0","2","1","0.000000","0","0"
"/Engine/EngineDebugMaterials/DebugMeshMaterial","0","0","6","1","0.000000","0","0"
"/Engine/EngineMaterials/GizmoMaterial","0","0","6","1","0.000000","0","0"
"/Engine/EditorMaterials/PhAT_UnselectedMaterial","0","0","4","1","0.000000","0","0"
"/Engine/EditorMaterials/PhAT_NoCollisionMaterial","0","0","4","1","0.000000","0","0"
"/Engine/EngineMaterials/PPM_DefaultCalibrationGrayscale","0","0","5","1","0.000000","0","0"
"/Engine/EngineMaterials/PPM_DefaultCalibrationColor","0","0","5","1","0.000000","0","0"
"/Engine/EngineDebugMaterials/DebugEditorMaterial","0","0","6","1","0.000000","0","0"
"/Landmass/Landscape/BlueprintBrushes/Materials/Internal/BrushBounds","49","0","9","1","0.000000","0","0"
"/SpeedTreeImporter/SpeedTree9/SpeedTreeMaster","49","0","21","1","0.000000","0","0"
"/SpeedTreeImporter/SpeedTree9/SpeedTreeBillboardMaster","49","0","21","1","0.000000","0","0"
"/Engine/EngineMaterials/Widget3DPassThrough_Translucent_OneSided","49","0","9","1","0.000000","0","9"
"/Engine/EngineMaterials/Widget3DPassThrough_Opaque_OneSided","49","0","7","1","0.000000","0","0"
"/Engine/EngineMaterials/Widget3DPassThrough_Masked_OneSided","49","0","21","1","0.000000","0","0"
"/InterchangeAssets/gltf/MaterialInstances/MI_Sheen_Blend","49","0","21","1","0.000000","0","0"
"/Engine/OpenWorldTemplate/LandscapeMaterial/MI_ProcGrid","49","0","11","1","0.000000","0","0"
"/InterchangeAssets/gltf/MaterialInstances/MI_ClearCoat_Blend_DS","49","0","25","1","0.000000","0","0"
"/InterchangeAssets/gltf/MaterialInstances/MI_ClearCoat_Mask_DS","49","0","40","1","0.000000","0","0"
"/InterchangeAssets/gltf/MaterialInstances/MI_Unlit_Mask_DS","49","0","65","1","0.000000","0","0"
"/InterchangeAssets/gltf/MaterialInstances/MI_Unlit_Opaque_DS","49","0","21","1","0.000000","0","0"
"/InterchangeAssets/gltf/MaterialInstances/MI_Sheen_Mask","49","0","36","1","0.000000","0","0"
"/InterchangeAssets/gltf/M_Sheen","49","0","9","1","0.000000","0","0"
"/InterchangeAssets/gltf/MaterialInstances/MI_Default_Blend_DS","49","0","25","1","0.000000","0","0"
"/InterchangeAssets/gltf/MaterialInstances/MI_Default_Mask_DS","49","0","40","1","0.000000","0","0"
"/InterchangeAssets/gltf/MaterialInstances/MI_Default_Opaque_DS","49","0","21","1","0.000000","0","0"
"/InterchangeAssets/gltf/MaterialInstances/MI_Default_Blend","49","0","21","1","0.000000","0","0"
"/InterchangeAssets/gltf/MaterialInstances/MI_Default_Mask","49","0","40","1","0.000000","0","0"
"/InterchangeAssets/gltf/M_Default","49","0","13","1","0.000000","0","0"
"/InterchangeAssets/gltf/MaterialInstances/MI_ClearCoat_Opaque_DS","49","0","21","1","0.000000","0","0"
"/InterchangeAssets/gltf/MaterialInstances/MI_ClearCoat_Blend","49","0","21","1","0.000000","0","0"
"/InterchangeAssets/gltf/MaterialInstances/MI_ClearCoat_Mask","49","0","40","1","0.000000","0","0"
"/InterchangeAssets/gltf/M_ClearCoat","49","0","13","1","0.000000","0","0"
"/InterchangeAssets/gltf/MaterialInstances/MI_Sheen_Blend_DS","49","0","25","1","0.000000","0","0"
"/InterchangeAssets/gltf/MaterialInstances/MI_Sheen_Mask_DS","49","0","36","1","0.000000","0","0"
"/InterchangeAssets/gltf/MaterialInstances/MI_Sheen_Opaque_DS","49","0","17","1","0.000000","0","0"
"/InterchangeAssets/gltf/MaterialInstances/MI_Unlit_Blend_DS","49","0","21","1","0.000000","0","0"
"/InterchangeAssets/gltf/MaterialInstances/MI_Unlit_Blend","49","0","17","1","0.000000","0","0"
"/InterchangeAssets/gltf/M_Transmission","49","0","21","1","0.000000","0","0"
"/InterchangeAssets/gltf/MaterialInstances/MI_Unlit_Mask","49","0","65","1","0.000000","0","0"
"/InterchangeAssets/gltf/M_Unlit","49","0","13","1","0.000000","0","0"
"/InterchangeAssets/gltf/MaterialInstances/MI_SpecularGlossiness_Blend_DS","49","0","25","1","0.000000","0","0"
"/InterchangeAssets/gltf/MaterialInstances/MI_SpecularGlossiness_Mask_DS","49","0","36","1","0.000000","0","0"
"/InterchangeAssets/gltf/MaterialInstances/MI_SpecularGlossiness_Opaque_DS","49","0","17","1","0.000000","0","0"
"/InterchangeAssets/gltf/MaterialInstances/MI_SpecularGlossiness_Blend","49","0","21","1","0.000000","0","0"
"/InterchangeAssets/gltf/MaterialInstances/MI_SpecularGlossiness_Mask","49","0","36","1","0.000000","0","0"
"/InterchangeAssets/gltf/M_SpecularGlossiness","49","0","9","1","0.000000","0","0"
"/InterchangeAssets/gltf/MaterialInstances/MI_Transmission_DS","49","0","25","1","0.000000","0","0"
"/Engine/EditorLandscapeResources/LandscapeLayerUsageMaterial","49","0","7","1","0.000000","0","0"
"/Engine/OpenWorldTemplate/LandscapeMaterial/M_ProcGrid","49","0","11","1","0.000000","0","0"
"/Engine/EditorMaterials/Dataflow/DataflowSelection","49","0","47","1","0.000000","0","0"
"/Engine/EngineMaterials/Widget3DPassThrough_Translucent","49","0","11","1","0.000000","0","0"
"/Engine/EngineMaterials/Widget3DPassThrough_Opaque","49","0","11","1","0.000000","0","0"
"/Engine/EngineMaterials/Widget3DPassThrough_Masked","49","0","21","1","0.000000","0","0"
"/Game/Casse_Brique/Material_librairy/MI_Brique_break","49","0","12","1","0.000000","0","0"
"/Landmass/Landscape/BlueprintBrushes/Materials/Sprite/M_BrushSprite_01","49","0","21","1","0.000000","0","0"
"/Game/Casse_Brique/Material_librairy/MI_fake_wall","49","0","11","1","0.000000","0","0"
"/Game/Casse_Brique/Material_librairy/Mi_wall1","49","0","7","1","0.000000","0","0"
"/Game/Casse_Brique/Material_librairy/M_invisible","49","0","9","1","0.000000","0","0"
"/MeshModelingToolsetExp/Materials/PointSetOverlaidComponentMaterial","49","0","13","1","0.000000","0","0"
"/MeshModelingToolsetExp/Materials/LineSetOverlaidComponentMaterial","49","0","13","1","0.000000","0","0"
"/Paper2D/TranslucentUnlitSpriteMaterial","49","0","20","1","0.000000","0","0"
"/InterchangeAssets/gltf/Substrate/M_GLTF","49","0","11","1","0.000000","0","0"
"/Engine/EditorLandscapeResources/MaskBrushMaterial_MaskedRegion","49","0","9","1","0.000000","0","9"
"/Engine/VREditor/SnapGrid/SnapGridMaterial","49","0","20","1","0.000000","0","0"
"/Paper2D/OpaqueUnlitSpriteMaterial","49","0","20","1","0.000000","0","0"
"/Engine/EditorLandscapeResources/SelectBrushMaterial_SelectedRegion","49","0","9","1","0.000000","0","0"
"/HairStrands/Materials/HairDebugMaterial","49","0","102","1","0.000000","0","0"
"/Engine/EditorMaterials/PreviewShadowIndicatorMaterial","49","0","66","1","0.000000","0","0"
"/Engine/EngineMaterials/DefaultTextMaterialOpaque","49","0","21","1","0.000000","0","0"
"/Engine/EngineMaterials/DefaultMaterial","49","0","30","1","0.000000","0","0"
"/Engine/EngineMaterials/DefaultDeferredDecalMaterial","49","0","74","1","0.000000","0","0"
"/Engine/EngineMaterials/DefaultPostProcessMaterial","49","0","34","1","0.000000","0","0"
"/Game/Casse_Brique/Material_librairy/M_block","49","0","7","1","0.000000","0","0"
"/Engine/EngineDebugMaterials/M_VolumeRenderSphereTracePP","49","0","8","1","0.000000","0","0"
"/Engine/EngineMaterials/FlattenMaterial","49","0","18","1","0.000000","0","0"
"/Engine/EngineMaterials/FlattenMaterial_VT","49","0","13","1","0.000000","0","0"
"/ControlRig/M_Manip","49","0","13","1","0.000000","0","0"
"/Engine/EngineMaterials/PhAT_JointLimitMaterial","49","0","13","1","0.000000","0","0"
"/Engine/EditorMaterials/Dataflow/M_Dataflow_CheckerBoard","49","0","11","1","0.000000","0","0"
"/Engine/EngineMaterials/WorldGridMaterial","49","0","1847","1","0.000000","0","0"
"/Engine/VREditor/TransformGizmo/TransformGizmoMaterial","49","0","7","1","0.000000","0","0"
"/Paper2D/DefaultSpriteMaterial","49","0","40","1","0.000000","0","0"
"/Engine/EditorLandscapeResources/LayerVisMaterial","49","0","7","1","0.000000","0","0"
"/Engine/EditorLandscapeResources/SelectBrushMaterial","49","0","9","1","0.000000","0","0"
"/Engine/EditorLandscapeResources/ColorMaskBrushMaterial","49","0","9","1","0.000000","0","0"
"/Engine/EditorLandscapeResources/LandscapeDirtyMaterial","49","0","9","1","0.000000","0","0"
"/Engine/EngineMaterials/EmissiveMeshMaterial","49","0","19","1","0.000000","0","0"
"/Engine/EngineMaterials/M_InvalidLightmapSettings","49","0","7","1","0.000000","0","0"
"/Engine/EngineMaterials/FlattenMaterial_WS_Normal_VT","49","0","13","1","0.000000","0","0"
"/Engine/VREditor/TransformGizmo/TranslucentTransformGizmoMaterial","49","0","9","1","0.000000","0","0"
"/Engine/EngineMaterials/DefaultLightFunctionMaterial","49","0","78","1","0.000000","0","0"
"/Engine/EditorMaterials/WidgetVertexColorMaterial","49","0","11","1","0.000000","0","0"
"/Engine/EditorMaterials/Camera/CineMat","49","0","12","1","0.000000","0","0"
"/Engine/EditorLandscapeResources/SplineEditorMeshMat","49","0","24","1","0.000000","0","0"
"/HairStrands/Materials/HairDefaultMaterial","49","0","65","1","0.000000","0","0"
"/HairStrands/Materials/HairCardsDefaultMaterial","49","0","102","1","0.000000","0","0"
"/HairStrands/Materials/HairMeshesDefaultMaterial","49","0","65","1","0.000000","0","0"
"/Engine/VREditor/TransformGizmo/Xray","49","0","7","1","0.000000","0","0"
"/ControlRig/Controls/ControlRigXRayMaterial","49","0","9","1","0.000000","0","0"
"/Engine/EngineDebugMaterials/M_SimpleUnlitTranslucent","49","0","9","1","0.000000","0","0"
"/Engine/VREditor/TransformGizmo/Main","49","0","9","1","0.000000","0","0"
"/Engine/BasicShapes/BasicShapeMaterial","49","0","16","1","0.000000","0","0"
"/Engine/EditorMaterials/Dataflow/DataflowVertexMaterial","49","0","17","1","0.000000","0","0"
"/Engine/EditorMaterials/Dataflow/DataflowTwoSidedVertexMaterial","49","0","28","2","0.000000","0","0"
"/Engine/EngineMaterials/NaniteHiddenSectionMaterial","49","0","19","1","0.000000","0","0"
"/Engine/EngineMaterials/RemoveSurfaceMaterial","49","0","7","1","0.000000","0","0"
"/Engine/EngineDebugMaterials/DebugMeshMaterial","49","0","11","1","0.000000","0","0"
"/Engine/EngineMaterials/GizmoMaterial","49","0","11","1","0.000000","0","0"
"/Engine/EditorMaterials/PhAT_UnselectedMaterial","49","0","9","1","0.000000","0","0"
"/Engine/EditorMaterials/PhAT_NoCollisionMaterial","49","0","9","1","0.000000","0","0"
"/Engine/EngineMaterials/PPM_DefaultCalibrationGrayscale","49","0","8","1","0.000000","0","0"
"/Engine/EngineMaterials/PPM_DefaultCalibrationColor","49","0","8","1","0.000000","0","0"
"/Engine/EngineDebugMaterials/DebugEditorMaterial","49","0","11","1","0.000000","0","0"
